999999596
3817706500
578970536
1995277753
3603900555
2107531742
6198048917
931808955
123034565
4693741362
5596729461
1999998974
1000001294
2605211715
3173825658
1999999710
587128831
1215837894
1124313
3151800107
689133383
1812262566
1180880195
1000000652
1199410454
2451383695
4999997925
4000002849
6302308759
1580979044
1129384782
3000002662
585241186
3000003149
5436246197
1034334798
1173496807
2512837536
1056525189
1633293016
7348897
5178965862
2514471054
2067898955
4288596196
3999999806
2703030293
1000000611
5341650145
4714938637
227926335
1083777105
3606613896
5541425865
5079114925
5583925642
1237084208
5000003915
342555515
2356252058
2899230283
3873373346
2639668787
1188084288
1571309848
1486729781
647380368
4153514384
2446702869
3000002779
4089635100
5903668498
5429874466
1214709762
2290784715
3999998076
480367555
1851529147
2001847763
3379000243
3579536820
4719317105
5151765825
562155128
4356857811
1941964570
1000001817
5950706167
1663505529
7316442156
4293497045
2788383801
4000003873
6189757982
2894423710
3284021882
1785572902
1891935800
167254426
5903331350
6481987793
3648091190
233292582
1799625317
5959524732
2139748345
695235699
3980139991
133350906
2478657907
1726378457
4641770874
2319813903
1469663359
1064060633
2217059959
5555758717
3208634207
3891071316
3357147053
959089872
40236203
267323257
1291939723
6768595327
1986349358
1272192585
3091557244
2011705621
3321578574
440428413
2629980097
233583158
6662320233
2000002381
1507580831
2331590433
3295528499
3999999505
5433328400
5000005446
3189917977
3000001404
2326870507
4805026939
245593617
3637500434
2036373671
4115509233
3000000280
217879341
3355864684
2000002899
5334022095
4015822876
299966735
1761437697
710767111
748071431
6267456048
337628202
1222108668
4481565151
3091307718
3506735900
1000000757
5050946124
2760904488
3797481730
4000003438
283893808
5223402626
4490651176
3276536628
57180295
536146629
3780538146
1208125923
1029489881
3579846118
101529628
999999009
4499728876
1655598565
5230448570
908349657
5728721623
245026420
1482786460
4465151680
1782666387
3158257257
447914450
3307142324
4000007041
159117811
919815347
4026210407
119773969
3077250092
2369105738
5000003645
375706060
1999998472
5800160849
9048794144
3877179789
6698099936
3000000635
3052728515
441966094
1162299265
4837583698
999544808
585738492
2196965107
5615881546
1011639637
2226114397
4022416347
956661561
1855407447
7418618592
2932421649
142634208
1633925474
3765934152
4960564328
3411274262
637635060
1169391664
189694749
2006953357
985339841
1979822844
2051644136
676341088
5695752688
5005565924
4135596717
2153718113
2581856181
4366038857
4386689850
1505643613
5681915671
1478936089
1999998689
1736175092
441644587
1851984881
2269464715
1402915291
2696709760
632367827
2090367126
1820819995
2140919829
2856913668
1195181168
2691669907
125408855
415555578
4220054712
152095689
209774331
2133999172
4180199893
5272393502
1134988281
675219771
121234722
1659732353
38732993
2530010576
4702773834
2124340421
3524099827
101784568
2913833084
3849741823
4569858068
4774290415
5561879232
3107225437
869248789
3367250825
1730280125
1246070392
3515516381
1247678403
4905356915
3308594028
3472360279
6441840380
6574510570
5994306630
4702072435
3308498839
1584206983
2897633323
999999526
1117669006
2102933699
2106877075
4766281162
272852557
208512630
2697996217
2000001611
1000000944
4437447627
7301032787
6154955090
2459316091
3157347620
3441933048
3126628456
2442704756
7908607949
1938666787
2000002108
1352323994
118213583
4493942011
347282197
3768920256
3537004567
1278728044
1000001432
2765538423
3105110917
49209425
270901115
1539840679
2156559365
803210828
411050798
1140383790
2617623519
5059640002
814071529
2253719192
2760279016
763886679
9056959611
1138589493
1652211866
742049709
2707128525
3225699741
3652014504
196941065
259453731
1487189226
1227627949
4463848834
4606698222
5532333490
6502279406
1280502235
4608585221
4032034830
2963100903
517366261
1961965471
5378905052
1999998550
1114288789
411161357
547655772
1464732696
1305903555
868774595
860186243
4780911900
3728759672
5271540198
3695749164
2330743775
2900893084
1307435611
2999998990
201243440
1320743298
2156220046
5687961998
4999999193
2583740257
8346382454
873294254
4144797931
603277033
2000901180
6769310002
4793153186
55859341
1629384323
5638163985
2000001115
4855900012
5648426385
1332663609
2999998577
3000000627
2015823588
169176458
1192473833
2816615946
891718080
2718535393
375327107
1001075165
3464851150
2000001550
4000000981
1543921230
1000002723
1000001560
1840755432
65333179
6396157796
1269592247
775710882
7973062480
2000001712
2000001561
3142598082
1116691513
236172211
588462121
594987977
988510970
3012588317
4389977922
1011904832
548910221
7692538607
2000002270
2905169191
4000002964
486322910
2414784578
1889450018
337445097
1565944944
4102631038
2175102719
5430706603
1000002482
6591254
1746033217
4831908024
1000001447
744512077
1865038852
59429523
1000628996
1216936662
82566421
7143639348
999998549
3999998350
5152381596
582602840
4213498614
4056582996
357423016
1076600607
5000002796
1040940432
1503471885
2583167758
3999998407
2887277278
691265150
3000003695
90579502
3583978998
71515201
3354837947
1491036514
792009426
1890399400
4882576159
4213712230
2438926602
2879802304
452970397
2628049155
3055568847
2338516954
1755322323
1223713635
1370453208
1179148276
2215116795
1998452590
506368693
811918459
2000000255
57061861
649098256
120185913
18464984
4855826134
4491619759
174789795
2999999388
5530799930
2000003214
878773915
15917708
3472157218
983331636
2142061774
4139523313
2236214909
5180711177
2475639421
187257519
5306752332
1999998618
194876525
2218211619
4188254135
60615969
2510385712
3279607191
2000001705
1999998014
2443117015
4586213562
1308379789
23282091
5119907193
708461378
6461622075
999992747
2163312331
4372676158
3411956892
3106721100
2959537023
1009683846
3596049244
909646855
8003758
4226954330
3230949627
1794721140
5839676426
654747547
1698772440
5376573937
486280420
5313254847
1436791764
2995134547
334769304
6018668923
458139955
1181943862
17718940
4289398747
3053799747
6318431418
1634938965
2106541513
14141809
4299402881
741253255
2581342286
659235203
1081702989
1518664952
1071831892
338326279
335250335
915903010
3190153506
1253089185
361476158
391719315
4999999698
700254432
4500774498
1680624278
3000002931
1349363611
398084820
1200545314
999688036
172050220
3000004340
1218414794
3641801634
670935286
3000000845
3130490150
5959276185
495416051
3683266216
2640102660
3729067856
4149094946
5289791260
4808091950
1619592648
520767822
1501873200
2142792673
253237832
1442150426
6919159440
3792168282
2156490880
4018860284
3451470667
3000002247
3588773355
3000000784
3531460571
1646862112
3000004267
7138081785
5931579505
5659005673
1785981232
934481657
5856312612
4868285919
612250211
6799560247
2000000891
503428972
150999356
2923216594
1384016523
16704352
2000000855
20340239
3513754274
531665363
1875339312
757158655
4462104823
7559568060
5430876507
3788515445
280596220
874059387
362586756
244671056
3366219149
437768710
4293594631
2709357308
4000001760
6059403386
3672536201
2007223336
3056488938
508593349
3000002932
1833042156
2862681947
1425448833
910478724
2639105825
1819045004
4902036434
506745621
1025289056
573006080
2907328946
5907332040
5000001606
755567436
2947582034
1071889979
23182663
1010736680
6915470879
4781058242
44133593
4420076826
2067579325
7980616224
1201052734
97441047
3649172234
63318842
6537594951
3000004228
10491875901
3785569932
3000002752
2184628966
1891596596
3000002023
1237900142
4000000718
4834368458
4000001164
474982523
3471209705
5381177423
1031250741
5700070955
3800131464
5745382677
2459931082
4193921193
3590559734
6348809082
1175505813
2000000758
2628309755
30552659
1000001917
4000002127
856726123
3767135740
3466372092
2000000884
4848345972
2064616375
629230119
872173874
4106077883
2350061011
171536582
5467552206
3865347030
489726788
640567020
1810541206
1999997472
2075592822
4085558841
606064838
6061847439
4515540141
2706592812
909824999
229117666
3746881014
3576472000
1348368403
999998807
5770658079
1628817671
1178594540
3061511682
2502208479
373096005
2743054604
463943484
2000001066
2610483885
773371123
1000000000
2228801812
1201975782
2750928333
2389507014
3165917648
4540688109
3481329339
2923318500
2160551857
3777314123
3482125968
3053397180
1110915944
4598406089
6829915586
1000001441
2663123771
5965446636
2999999605
34107533
6339352563
4295546023
1894553418
2764790181
1304409240
2539090700
2831368282
4313286153
1767898335
463275810
5777534218
966467854
2382533755
93787479
1943575536
5244999046
1218353389
4000000075
606721804
594664881
9397068024
1255410892
2999999956
8550875652
5296710854
2175525632
999999299
3000003942
1593247060
57616396
1662136529
41615532
4100720163
2646193184
3000004431
1690809959
857126006
1590013218
994647604
1138933140
6039266786
381672224
1997333432
978724752
1686315165
1278249068
4548700868
267129716
1358949108
5000000705
735117572
6581759508
899044390
1928315770
3283768409
5384298727
2120588012
1855998170
256862680
16596181
4000002512
1368645160
3673502226
5629578547
2860862976
1026260588
716793835
4999998804
2999999803
2289005211
2233773865
1840435605
3039126189
2020553649
4664222722
3463344455
1718439122
229066257
5401720213
144573082
3239654102
3141364374
5434912824
1637223817
5460277233
5576563199
1631118536
2255031926
2078687611
5904558918
2000003314
1972971579
4426796117
999998189
552522296
1615728169
4773314906
1999999277
3323965004
221767802
2159060496
530294837
4984352170
1343574908
4074014402
4000003500
557888046
688099295
3274728516
2413069165
866343944
3781704938
4934617218
1556378308
902240545
212500356
3602489424
2967460737
2526773556
3000003183
999998563
4103396376
3430429214
5947554830
600809
741500492
6189986485
7964569
2481236946
5957739
663157193
1000000792
999999613
1879758708
4506880445
319318505
4293112251
4735087525
4427270175
6001347261
4053765272
2184282317
2000002266
133258100
1019771637
3405549626
3999999219
2926435488
3045721072
4297262549
2038915684
4912040486
741337073
483748554
2219988844
5348592358
2894284205
122216847
68706247
3027022959
1880946729
2187267594
999999548
2410292776
120559300
3654099550
2158327000
6164231941
1615353187
2752131921
674862107
806400710
5253450319
1920334134
2185897897
2932140679
71514167
3652241067
484225220
2999997605
130733920
4705279426
5268179507
2107691581
2645221195
5585125410
2779033652
48745898
852453898
5241167277
5837663475
4783928107
58242326
6813984808
2686863600
3410765737
5122027102
1000001943
1502987051
514966365
4438254288
2903400291
2525511502
960741515
5369599
8274788
2999998045
2157156091
2970692965
1573642736
1999998948
353566026
1000001641
1811576811
247124148
4284855777
2000000600
999999110
2168896372
3407471788
4000000613
621500633
8351996970
2000002964
6729347120
5000001041
4651345154
4942246733
2234484406
2239865280
5510917554
1168163854
3129684176
3322121427
5197052612
5366307923
6529830828
1559061773
461909779
1064687145
2638135348
1078501017
1798291158
3999999652
2000001711
2178191151
7139097264
105298734
1000001846
5000001859
500468782
5120840185
4246109001
1000001440
2718023290
1756729968
1730760856
5493425634
1248881309
1385669030
3967770436
2477545007
3346409813
1000003249
1000001338
4162000654
8033657895
3202645370
5154392359
999999814
464278901
4303212307
2743479164
4570441780
1030844541
5204107288
3487939427
5059132979
5130774840
1199334235
1421001012
2000000823
2483699100
3474891692
5801554456
494341415
436973511
1457564559
2103833458
2109851043
3737272507
6023260655
2999999163
2786737537
7057995617
2295593847
1000001041
3210421006
3219196697
1919863067
9079227430
1768261014
5000000980
1793691285
1555710260
4536127034
4362291232
4234743200
1604679208
2279390889
6008086492
3799382273
802055626
6950400001
2000000661
1026021553
2993614535
4417380248
994793917
3489962625
1868187559
1076084649
5158199308
1365010780
1036065147
999998759
4012893153
1000002987
766851073
2781418587
2185569726
2353425290
1577120844
1421475441
2000003040
3651620715
2281983148
2999999386
5493052840
5479983244
999999836
644144105
1236689166
4611275615
2219663234
2620915899
78473633
2594480631
4000001210
11906105
1427075808
1011182743
5987385292
3000002583
1000000406
206953687
7213666140
3511181604
668919155
3762229769
5000000084
839609590
3660467364
1000002296
4999997292
185848841
3111840372
1999999947
1660736799
3188017561
84614188
3825301874
3000000338
3700826852
4175717256
4739766711
3848799358
4914533030
3000006476
3350053963
1688723085
2146814975
5491617733
46463163
1529639074
5927940975
4534686141
4862184321
6154814631
2000004253
2000000388
4133195920
6022157752
1049411868
1978281607
5000003028
688689527
109175455
1461604148
1724397120
1811593303
762247094
2000001059
747087642
2251158384
4170225943
1000002112
149858594
3464188279
1341601113
575385456
5901096881
2918921925
1849270223
2849053171
23010728
3644274644
3999999549
3697583663
658954348
2832456481
3000000539
1153502078
3776598164
1327884179
3213623037
1147357790
3773633794
885939155
3910862568
3000000535
4196795358
2858067691
4019943074
691638538
531020920
591378134
3789989056
2028397596
7245906850
712109765
1703737511
2000001486
1967547721
439854119
1999999401
1329623193
1589250590
4619771844
2000002016
2384413425
4998262842
4659968507
2106792528
351526430
1884094236
1726882067
2483073683
761829432
3000000945
1000000713
1696553588
6967253711
4186771222
1692144726
1179118808
2867157120
2024566118
2021655260
485663657
4131186774
4118133863
247824074
449999704
1040210275
2490383056
4233731420
3003582291
1164554607
8193337344
2999999139
1103190
5819912124
3188105382
4000001286
4139431091
302721529
3596393710
1000000305
2963504335
84881651
6740598119
4902346100
5991601537
4000000520
594234906
7715334053
1309609305
298924159
1019759430
90618821
868081563
1619200876
3404566683
3974282568
2288808559
5526133291
1735966204
245400861
2337596224
1360338850
5732386468
6011603402
2252577584
5022568863
3999998278
727344528
1846035464
2572287682
4525847229
3000002413
7368271200
964036441
194904320
2999999060
4909432979
250247897
2000000005
279811387
2468394084
1992990844
378475186
485401782
799510863
676764611
7613860796
842831197
1000001441
30174055
772427828
3086283878
1634375465
5277808007
2538726336
1073916699
472187890
6343465913
3000003194
162022276
1565534154
1000001574
1665045938
4191895450
2302574530
1692072443
2135966448
21255360
2223830615
344972443
1201271331
3637566540
2237302
2157878541
1927717195
7837590413
2999999834
1625970508
4643052460
924355962
5568645459
2854655156
3000000485
2181418356
2587092261
3568430295
1565985951
2725419469
5213483355
2799268378
4333381592
3268752547
668518609
3318304397
4807331055
999999881
4095538351
4194814759
5000002525
116879865
291518713
2502385905
1898303835
2277442659
4258696849
7281063
7700095676
5694876523
7313222081
4900595015
4928209991
2972919765
88642195
4379019946
3999999857
5378735219
2072487705
4000002123
2305948822
376806790
2680144842
4138746976
1559427161
1248261091
1065411216
6299031254
1000001605
2132914801
89349597
1850322445
4000001661
2477305130
4681182387
5497166642
5906108944
3483095018
6069335319
3999998781
4757549499
3209861201
4671832590
2999999219
4705791628
5105564946
30182446
5302227924
1147138808
955064400
1243827496
941792899
21861132
3072398634
134948489
5845967547
1456581958
5143379916
934959577
3930846728
325322102
2940842766
4000002126
545441148
1000001181
2031002150
3000000826
10863747
5004928529
5397138058
5000001144
3999997718
2899616052
3999995709
3465185522
7771178557
4000004569
2940389394
103226417
33806350
2999999861
4206398565
4000001443
3000002927
4665324263
3404898362
3976515049
2000002301
2908844842
5741380224
62941970
1167156004
2117131772
7535852681
3367276641
4915373487
1756065246
3364413584
304080918
2480192840
2202690871
667163430
1999999201
1047096387
5016174843
2575881431
192113691
1973679546
1678609783
1570929862
381230016
4000004151
2000001599
837394809
1759127759
1000001028
2254581127
3056217388
3785163345
4000002283
2234308666
240226256
2595825819
1815729309
359484438
1999999720
1659881820
6192491943
6861978380
2997494624
1436218024
2993005773
4706227904
4361984370
4999999867
3429912761
2882512566
5224970212
1971102628
2478753729
8942329950
1999999222
5067256841
2083655868
5094933386
1678425804
4035676267
91331852
1742892177
1986617500
507960162
604014917
5000000470
2000000853
4000000041
7305736194
1999999646
468495710
4997470152
869940468
609381251
692968870
69838889
2099134437
2827802502
4814573856
6428390386
2744698518
3000002419
705904557
742022892
4000000051
999999749
5000001241
2843585850
2730353439
3020768009
2704567757
1788435647
5215613060
5000002434
3967491604
135584142
1174247125
3000001030
5000000457
4253459881
5364348926
3000003999
2099097514
6426892033
5702981345
9452082390
441933879
4469298720
1000001325
16028280
48872691
2168170218
3886755018
2541697919
4025292099
1405417757
344482427
118076380
5000004023
2051884728
1999999474
4707234829
5834561443
4000001744
5000000414
229444768
3374973266
3691639777
3000001724
2824646204
2901256027
734077157
1296388757
154211488
691814214
2138227081
1936774323
5149930525
3586091488
6218872451
509158044
595055249
4435869474
5899028981
1868573471
259305574
3085671768
1595381868
1669158678
999999885
3470125730
4877148781
2999999633
605850582
1545589564
4000001908
120734730
353963269
246756441
1956123239
3999999941
6958977564
3853354924
2000001214
5074574885
2000002458
5660765229
4296467363
160394000
3486030546
4754580521
1570012325
3000001748
1697495159
5394856675
1367259372
1642629383
1288933870
6038769648
3973799141
1211787795
5234476833
2180660536
2175972257
1461748777
5000004637
1396001528
15186135
1995749931
2029785116
4000002670
1723660303
2164415580
2752238872
1481538187
893921523
3000001721
4352845824
2000002060
2683279181
2427542535
1825416737
864567184
1000002503
4837471598
1731156095
4885774003
1000000223
4000002746
4386196050
4291848733
567838900
3042772965
3798578886
100634868
1639114148
6203605318
3000000453
4426558587
3230109476
2368167295
1688365306
2000001594
2642858584
5000000433
1956548871
5267144939
4129087560
1000002924
2341928295
3624704440
3769493546
2000000869
661616844
999998652
1160012284
4965565829
3974705325
539758430
4622167269
127694484
1525081510
4908571769
578309599
2028360696
350889873
2454606711
3139405008
3233407902
2241319225
4000003128
1537300445
1705914871
4330533884
438710016
8660237623
181375930
879891523
4285423475
3827200307
967350208
516944161
1189870644
5882854572
5037012961
3000001490
1423396584
1007713495
2378848624
1751199177
264440447
1160627830
2803520420
2895826273
5053075974
2834831235
4590059556
4598018012
4000005251
3000002696
4521009492
4052104585
723225671
405620027
5970654780
2250601136
2930097646
1131460019
2000003687
3742565356
8023832
638312850
2350456577
4387318756
6339479394
1524510259
2999998692
1919009179
71578550
349137329
2129693000
2000001868
547689263
6107229166
30334251
836949785
771542102
3000001129
5570538426
4388172297
2650325563
2550234190
3928871876
1000002041
3000003841
5000001705
4343229666
4935985640
1221299167
4722661930
4000002927
5480384683
1996551297
104579020
368366930
2355757488
4221276995
4580886186
1048349834
6059506959
976931255
2443620891
2000001082
1239228113
2999999410
1830664446
366170037
832689221
6270684232
5003474695
1295254615
1718406402
722608656
3558180074
2208105418
69300223
1352470783
3000002690
1000002319
2054233098
874864566
276105298
2788767856
3025467071
871576567
4292241074
258088135
1720731892
3385476395
977418488
3371259313
3924730823
4658826344
1201939348
3181544885
4046551668
2497292075
769258545
173620386
1315610611
1465538689
294430357
2149017736
129088152
999999448
2522771894
2018322237
4183794085
1059897645
4000003343
5522853919
1714719239
173643916
2000002393
392048802
4000002706
3730766825
183777533
1907217017
1639916910
2181423629
166434648
4060745735
2999999162
3975353413
4097776864
5556890877
5403032058
5675788463
4285159657
1947033842
19179099
3442592325
1145959137
150518612
215469883
999999392
1288569288
3999998952
818888160
3062676607
2244939880
13826414
2446606370
1876911150
3000003754
3478676696
2756413460
4555770592
1447897072
999999315
1236581584
292823273
189042103
2811332616
5151537785
2000000013
1362162921
3838528897
7142025231
1976946237
667088565
1310055056
47092240
459489515
5169923122
2494044978
3013677388
505478755
857699026
2211644076
1007747934
2156129388
824507909
2656611458
5641543002
3636568772
6161985753
2515779222
1820656948
8510230617
1306959378
4000003848
391234549
89224647
3756499764
3000004860
1195760565
4430949817
1781877801
2878564022
2999998578
4000002489
4000001751
4529904111
524720333
1299465414
1804021307
4489111216
873562207
2402150134
2382290049
3707193966
2134443923
33043853
1000001189
653160678
961667795
3087195283
1732899214
3000002145
313503215
4527835404
177306030
4538740877
2166960550
2000002897
5892762820
999998382
5626059393
1409851386
222570347
4000000295
1801280698
987491915
2274773261
3198353140
4742139740
4175575372
5496835603
996177940
2272647729
1189938313
140060440
6270414947
35223256
3220172015
6639068322
1021998861
2073720930
2831173346
5153581812
2567674168
3609321282
4250583965
5797261754
2029868080
5306272060
1481626409
2884556079
4995442363
4999996964
3000003668
230747367
2000001168
2515186719
5597558615
417287999
2783447080
6003065652
3886052736
2000003765
4647142403
5424098107
8147017615
2973017476
10468412669
1719266066
541963116
4016090812
4068715174
2366955076
4011745586
1266686612
1000000113
119301385
1356540496
2000003733
2000003151
5322821326
3789019848
3316412230
6015915417
1638086534
1767976803
1786163091
2380801777
4000002570
2741556027
2629501602
3888373024
3675990593
916418871
506814942
2602653084
1116524161
2701545690
414481957
2338629120
4524051980
3800987635
6601898979
376415935
3236156561
3608287657
3422756280
214291179
4391741928
4115961564
6031374179
3596345598
3346486871
3021877370
4000001211
2465121437
2609805676
4967157439
1850611007
176108139
5482313868
3685803154
2000004043
66031844
4000000235
1389689785
1643040514
4000003439
2000002447
2678498901
3607599043
3288972282
3514168077
259523527
1683051334
3000002969
4246671056
1362947365
162355669
2512699091
7300199266
3098551944
2000000821
2634039657
1831409513
6809309516
2910528503
7356844224
1597401312
5490174740
2569835038
3487059410
5058332075
2999999851
1999997692
87148764
3517153177
290928246
999999045
3635271516
1878771872
2108322897
2056555548
5679926414
1693360261
5654710648
4000002258
6658249004
2999999705
3149003684
657318513
7762892148
2986911999
97240290
4000000741
3000002602
180853782
1000000774
1662064934
4797609520
6413462203
4763065149
2297884682
1733832260
30012234
55215126
1874665414
46979555
1012182837
432538298
3186380226
3880212598
1804140027
3000001288
561293242
3433230221
6458586412
3459404866
812168639
1000000732
5000003256
1455483229
3826045214
7828759131
4720372192
5073277342
1773435601
736662591
5799083123
1889881016
2167795284
4655846364
1363437889
3446815166
1093494208
909972281
89834890
2003322834
1542306153
3971007130
113966528
6581696043
3312190555
4530882054
4608713862
2334153629
2671493565
5837601854
6091465842
3274181158
4000001208
5699659020
10209735930
2999999648
6088592857
5431856845
2289831942
118315463
5616823300
1903898691
8145213840
3000002718
182265380
4441762841
4430548392
3567137795
4670053169
182314433
2999999808
274540683
169165308
643766374
6200431967
325890246
1602593845
2881022898
1487220237
2353276004
4715688926
257795108
3272943630
3264425755
1162076100
4885080994
2864361487
2000002751
4358647278
3044796796
517839034
2798014285
646841088
573054936
120005698
3251076535
1669299180
2000000858
2473472348
5457669386
6210555281
3896312503
6146367041
1817733006
3329992411
82549382
3999998058
2423631524
1963172086
4000003308
4134000888
2303949814
3372643809
2788530648
4000000633
75957341
5011028151
149578990
3459406835
34063338
1043442369
5000003681
6273632301
4387983108
1219192632
3108782255
4621732772
4399412452
3428961597
1467474318
119034336
4497522490
4794131119
2000000370
3009338168
344473287
3999997481
2549654409
1168316036
4530405161
1706644578
4082889826
447264001
6509071073
4379451833
900065339
168234535
247673934
5240135
1961693022
6263322108
1448845370
5807828895
4122790200
1630425146
4299566940
406145784
5532752989
2017985970
228313554
3000000701
3000000868
5362979203
4285764997
3741210623
2446480855
1821116036
2223674810
2708856340
1417919401
188431991
2000000744
4000000478
3286139640
2069981619
1999999891
3743131696
2000002283
367021621
999999861
1328394093
1818939031
4000005999
503148399
2189523312
2267291112
3212015724
4122538776
1018841782
5836963480
5079175742
2253945042
2714523462
564111720
3501635584
2810288331
2955332202
1458578817
4526432061
3532455275
60866692
1141430356
1578959610
2273348781
54713003
2477926011
535693872
3398667657
259704028
720905310
4000004257
5663030511
500599345
6004796349
1644566433
2318107420
5627615760
7291159736
3731620656
1360656553
5383395780
3628261395
1620862873
1000001575
1252816589
1269022771
545002405
1506979267
1000001151
2325775747
5379835512
3427195713
3855530516
6167908313
6039497333
2180638602
3365952313
6263633913
2000003327
5249113887
7718382576
1786069755
2104884433
1659074485
3992958779
3176180849
666889830
1572174167
1111726375
2000000129
1386801750
1300610796
599861632
1127038978
319420578
1315968521
40601812
3000001495
5937526920
4704310309
294697800
188570526
1882111236
3040025648
3359223338
5182224725
471091662
3565165146
2207244418
489383924
5732737454
3768578
2993894737
1669223958
5819615603
4236029511
3000001096
1111311861
1000000294
3327692273
3940317719
2809997294
1277709759
2080806505
4652902878
339737126
7314275388
999998835
3408029838
1228402806
1015366230
1372810363
1720351696
2244527801
3054861763
6768399544
5273267391
267707925
1339790712
5651941067
1936757402
3562156478
1704471747
1871717910
2551888819
3637316739
7446709305
2307064669
438888256
148211153
4007690936
8294786238
176610251
4778196147
3904151387
2150175644
2160056628
7655053476
1764387263
1218044173
1858408708
1189319791
3918957343
3824254578
2650365975
4000004706
1457311842
2387038050
5061014198
1250519112
799813048
4000002700
1502708161
1999998752
3000002395
2000004630
797566038
2315426780
1033669431
1398963112
252959836
3937371282
4088427866
4285590178
2395520996
4298248897
643720256
3000000781
4047284004
854614324
3999998324
1751431158
7051643003
2000001808
4789330820
481382509
2401359329
590574886
3892037443
2314093006
2482929232
5792804160
1141651127
1873217154
2174208522
1202223158
1911357006
1000003429
3528920360
787937552
4031693132
1886112802
4000002849
3000002351
2081346361
5438480910
1183875948
2999998789
4189647859
1691594544
243210977
2285894747
1791104110
2948548053
3378366372
4000000908
2412869443
4964351629
3682984907
307967118
250249036
6986236946
2459208986
3394577287
3516362655
1085594259
5134594317
1965275223
4150341634
4413713104
1842817198
1522409325
2326008928
6668473341
1747964231
27234597
999999504
4780387522
340477253
3773066382
2498909630
5597770632
1117689620
1880189677
3623915091
999999412
524252163
5154278624
2589811616
4950035000
4000002894
3243616503
1546750360
1000000796
2420516244
1831604165
3086076500
1303501464
3843193951
162814592
1624200544
444288260
287015548
5566961470
740910332
4753297296
33059934
1000004182
1705160326
4999999210
781607060
2057371071
585040090
1875787501
1147117589
2976346648
1681095030
270318472
1167522181
2168869760
4572349997
960671002
309816176
54550091
6766246860
2194985369
2094802861
4000000566
99004071
703761609
3000000603
2542052700
765526023
1231868639
2060201678
3437043819
651088088
170065101
1508617136
211670465
2351145330
1580654653
14919605
4000002877
918094344
155206501
2241579665
4602208378
4000001099
1841556652
3508468116
2193632655
2865174110
1621967866
1482563822
4147307074
2573071303
2042816222
635852529
1999998992
6514010521
3386892762
1661182316
37087663
3285438036
6298663215
3374916653
13304818395
3468012046
1849888728
2437604
4665639172
970204165
3000001954
1635817101
2000003624
3000002898
155232292
2278194496
5549629519
1010607452
3924991175
4599663154
1000000247
5066657892
2745716316
1106235455
3899110034
1000000615
1535227645
4096821655
4163842995
4310189653
4621803674
371599363
887169938
914080226
479714619
2999999977
6293514313
2000001373
3646696735
6217961764
798326960
4551567619
5735005870
1217192307
685822457
1999997619
1999999710
201747759
159573183
3171358054
2726740273
5969488639
901122426
1279621053
4000003518
365907044
5310858991
568986094
21325990
93771763
1342215250
2370854480
2000003999
1356284012
1783256871
3000001553
2294489112
3428407218
3534963702
532179903
936675245
3108450013
1496985128
4452776855
1991544189
881559683
721701593
2880345575
4719018590
89135378
2000001494
2163908130
3188219690
1000000966
1608427947
1915844620
4121098253
1388010729
4640952926
59213933
31608139
5948938942
1961624632
3000001002
2540120553
2622739688
5514317363
130073784
6819237846
491473520
2511319910
1999998099
3568882470
1249739145
5246692904
195460298
94910692
1892298106
3433925788
2097307928
1926375889
4119786631
2450829157
519710236
29425715
207349664
161073903
5980328239
5661591772
2018107448
2061600164
993857904
4572496446
7244816128
4538400570
2011179598
24642531
5140561514
6174355082
1000001662
2846811253
615031207
1000000810
1910698361
473570094
279370579
1000001242
3020708185
662387313
4999998910
3999997247
421851836
2702008722
2313881476
1737310354
3158650
4908535912
323524407
5089104178
1433935316
4999996519
2999996631
1000001100
397075822
670549094
762717416
3951004898
2000002515
2819816547
158334408
5120072138
739181100
870651726
4202136349
460921970
3137951174
464197392
772987952
1699157290
3000001490
870474396
2613422700
711855628
709899589
2999998940
4519561475
3874289879
4253274011
1460828768
1354969900
4999998971
1356983130
2000000320
4511639311
4599157266
3310932591
1873761453
4335101114
3958305631
1000000631
1099496818
1048789548
2170610160
3277094696
2053054588
253060418
1000001433
1568213772
816108063
2000000400
1999999936
365592665
2339848450
4423884353
1166347614
3378409263
2900938065
6831239760
2061330311
2000001473
3929088096
2835819763
1610485468
2665821659
1576671666
1083020112
1451644034
2000001456
2000000650
1820206819
980960168
730627
2026110891
3295980662
403783048
4062138964
4999998969
859958300
6501914050
6339845300
1520235020
127561936
115582390
2675160676
146681404
823925116
22909302
53088707
2624441888
2122924329
2007666619
3442270993
6529081323
4999998873
5140781645
2042052711
3999999283
5187638980
4437068318
1046120895
4000002035
4000000465
1548026269
2275280333
1411805030
2000000641
1397415836
2000000049
4731005616
5989624369
999999821
5991077008
1847819244
3999998966
249007193
3940141490
2674907985
1670445491
756305291
1245252895
2000001774
323264395
3601107134
1406926838
2039763293
1467302349
2231570828
845525179
1846942164
2228904074
1308815301
4860697297
3219408255
6009781396
3403472436
4339469847
2095814856
3342102985
4506285013
5425307255
44318007
3929306282
9786283052
1044925396
1736463740
3059894607
2327154791
697326155
3000003459
4195804018
1891204524
2079918596
2894938464
534282366
5322144111
3779638692
3439228753
983668209
5000001976
807372255
3418660791
2181307139
3178109306
11382378
3000002685
2667204187
5000004205
4249089340
868510539
3334182487
2240475362
2151568523
2374657996
2000000376
86437533
555728478
4999998236
979844033
683089754
125960256
2238614942
1137561030
2376882016
1114222035
2958569086
1274667710
2094714564
459717021
4643318219
4576508221
632997230
3905882435
5514446541
2595281223
704963775
1851316406
4887052395
4054805219
136047721
1171860414
3710736680
480844200
1194743256
3029123387
1448616467
1639464294
2639006416
829743722
2000003171
4000001839
3551432268
5582096452
2541570316
852695735
3227412588
2126987464
2898081675
3912293398
489116076
1724622162
1000001730
7082091077
2871117829
5608267870
4000002799
2549033251
5820113435
3000000316
897968467
3427433623
2196519192
1827401807
5000002513
3066638204
454308653
1999999726
5244649790
3937440657
937481967
4000005383
4509234408
4000000354
5000001916
4000002868
7534129144
1423083069
7353509595
1913303418
4688145230
3830996836
821381761
7435391103
88011851
3130875462
1457787259
2115170000
2762101377
2245653480
2865835597
5578648741
6729317111
3050444140
465508186
1617204586
1831859292
2153439722
1399867456
5537866555
103579832
1404509378
4398901072
5875914040
3860938734
2000000016
7217149632
3999996039
7360870540
2398578207
1980284840
1605145857
3999999744
3714151662
373052874
550828949
3940140247
531725299
1000001694
2000001166
1182703804
1999999807
2678279725
3917046086
2461169403
9002649670
1804415195
1524033383
457122533
4071914677
2301031768
532317033
1126355397
1696507048
1653038504
1856615831
913074863
1886935372
5015882472
926954127
4232027615
1880050999
993840424
4560922610
920064998
1598197662
4000001411
1800354559
5357526770
6555759298
686183251
4827784888
297709646
4659196389
3097269806
2694126602
3776441418
4866218295
83637298
441192408
3171236760
3988819483
3999998796
558250344
4000002846
4641796396
2710484764
283052168
7553893979
4000003271
1775738563
489303505
4187056867
3000003137
1087950081
4999999822
4400400014
114144506
1872314399
2811285126
5701530395
257668044
594416711
5000000722
4000002776
86054496
222552107
1407131447
253720651
195267052
1710014080
1593607801
4000002734
1355230866
5492764428
420072083
3999998889
1196162303
4239291732
2000000894
3434734189
4143600529
4999998905
1872843145
1906715003
1000001172
2285775930
658248922
4221979280
4000001298
2531460679
1757919504
4894420054
6608409855
1758278456
2188451538
7869928575
2753221015
776740449
162582574
2275078368
5055419260
1817095996
1947526839
1000001937
147716041
2523975756
4053346199
2780932331
1105889922
2897269996
4080879388
2482116747
5103997954
2487292123
1975407551
399818286
189610278
662918536
281884384
1563855233
2999997364
4777120700
1033161548
887159398
8834771830
2445912324
3000002711
2199963791
841901451
6382544733
1863012181
659435598
5000001393
870953100
1061302816
4826009077
75313524
1259202592
6768405038
3000000099
5797321686
2580236161
999999949
1463882159
1256865779
2000000808
640724558
1110773086
2841572411
4684828161
1478534302
3841545
3963635046
58975723
5434989255
3659821386
6142140053
2124545831
4383153028
1522363849
1250281812
4524145230
3206646330
5112369164
3768742231
2094019570
833034500
2141023543
2999998944
3000001744
153521958
4628767141
3000003520
4687625374
60359984
3445929168
968593740
4863704107
5000001322
764764938
583369247
3824048977
4694851382
3419126724
981229460
4999999642
3954643395
1578820538
3269541938
347728380
2598536601
6641762382
3377257977
1253468220
18189944
267141927
999999782
1725923202
146703750
6822964130
1897891974
4861167691
6711611357
5085946166
3499640990
341839483
3707152189
1253508569
1483727523
1473007452
4641290576
84951282
5757997231
401733814
5413237938
7345221507
72598146
4561007855
4128872069
3254170608
1429166383
4060125706
4143997959
3119550342
5269780005
2113074895
2450357698
6067767504
456104076
4000000383
999998803
2228193936
5378500549
2000002806
667820151
4602194969
1000001578
1358931650
3244446967
2494701795
3823935782
5971447520
5565742140
1986502795
1429248863
2467742143
3849313274
5298060043
1906554659
4604824741
2995070621
874732063
114140583
2000003162
1877617813
122173129
3677382866
3999997151
999999835
2554363292
42664027
2943178399
3000004094
3677099956
2384574834
4109492164
2000000448
2829589273
1094476234
497777306
4000000053
2487865627
1000001192
3999999609
2097786417
7154233037
1000002113
1477812749
862698240
4066067180
1836800788
1000001519
4732400836
2063074497
2411846540
5786807218
294401027
6063312030
666866511
1332159607
2037688375
2746723307
896886380
426335048
2385640467
2815801189
3626718022
1000001471
2224911079
4429254817
2432453736
2305151057
2760143372
1652660496
4676704059
181768751
2702556828
3394151894
2513931348
999999508
8934020441
7923995794
3438969395
999999495
1108600454
3999998725
2947578604
2570240792
5013081925
1104466612
96212929
4689945128
2941247103
1700313992
2414668558
486637033
5571060518
4074889259
5290430520
3844503469
2569946722
778506928
3423683133
3086358504
1464471805
722847072
266500802
3800012509
2960239026
1000002394
8076197175
2999999250
566639770
4612397331
4000002315
5979969494
1867651313
1752459924
886430704
4999999436
3699152868
2994393965
2797161052
2613282132
394429603
2504463503
100380582
3000002461
1006601793
6838616216
992897484
90070629
3824466915
2000002533
3560337696
75815022
1431696886
1481360988
101476154
4000001879
1999999766
2842630884
990280606
1000000271
2452587423
2999999469
5222928203
1956589911
1594739731
4132695247
1257873628
60451418
2000002260
1746550546
1000001802
2000000624
1561393068
1061838586
3408119462
8177224101
1112857064
4681257038
4504831448
3881947818
4744362389
5786850082
426614956
4045358469
639929610
2000003124
5464474921
82281318
1042276147
5342875465
2258421184
705646616
5102438987
3000001439
5556981873
4461423256
4699371840
1840609609
3627870756
3553157313
3415900591
3000000969
3825613527
437159394
2870975327
4113359988
4951612320
1912800332
3379731181
3882706053
1443498190
1864375514
5356084336
3749781233
925229060
2999999667
5079169823
1241735930
2477446375
1000002512
4575990406
5155491020
4000002848
856090771
4202347732
4889172389
3696752581
214826985
1552524652
1000000029
5283716245
4837500259
1714962444
39307854
1047700603
833627541
5598338278
571096799
585755534
2000001168
1000000996
1252761700
2009867315
2000001212
10729952976
2929812861
3863841245
2360074408
2612923290
2731101738
509728148
8582168600
1000002068
2902985330
4791719145
1083539397
257044119
5830318900
301898580
670537800
2836269129
6392328627
1391196225
2053562760
2000003874
2904974785
3148230092
2000001621
7339960937
1195985367
1732602988
506753184
179138730
5484922735
1928597968
2535440696
3842438710
1999999652
5000001589
786336491
525960585
1061278415
5513399851
3000006007
1697549634
3188553
203227962
1696115142
4276429765
149332825
4607216550
2483239239
4211631102
742922802
3304475679
3000000483
5276462561
1168291196
2707563899
556376231
2207041852
2843655900
6009665004
1622809401
696304106
496599152
1311011922
25829655
619409922
259133750
701642708
315861
3025208004
3860488127
3764480094
2598571201
2403638389
734845798
3646842882
6460010626
448918754
10975429650
2458957488
407489064
2151124871
2331651099
661722698
6277053284
819889700
3190856955
49866906
2507835589
757937977
4000000584
4000002860
4172687444
3261462277
1894119355
3988698279
5723737861
999999971
1420781701
123424150
4000004050
7602414859
2488541511
3122941849
4581017625
1743877114
488974903
2286547449
3999998403
4555219921
630393267
2847367656
478549696
6054948035
1646193222
6349014425
1190751595
1000001351
1907974736
999998703
4836018852
2478511668
4147011654
4417425870
739933878
4057298924
4014394489
2558844468
72394320
6404105820
3907835868
1672621286
2999999366
3051382068
3904164693
5909059530
3119085980
1155650364
2073438469
4934139661
2658293298
399414775
3047053103
625542126
2418558993
8735352527
1074903139
4475920435
930219934
4323498921
1768324509
4558559193
2527342485
2416885830
1728986432
3049983661
4610370510
2530386664
236252183
334213171
5666356335
2413627855
2296319185
1801447405
695601659
1078176730
4769984055
531443825
4542683295
2378183202
2625181223
3927873673
6306781613
3113718849
8396718050
2732613970
552015195
3266647698
2997906457
2914671370
5644302702
281205925
5140503268
4197489995
1063885783
382408317
5504137789
3695626194
3544373064
22541276
228365336
7381748163
1518002175
6036168365
1713175456
669323115
1930105034
3999999456
493352650
1875101420
3970986984
5170493544
2028256290
4189507765
4638928806
940262838
3193010142
4247469617
1112079092
804652623
1821363714
1677639925
556169923
1000000301
4000004630
7245217295
4993782713
1010303734
3140640097
184038367
499171451
821406108
2797708
170738096
1955931713
2369476609
73790336
240399593
529105644
5412704777
5656484344
5444513038
387202517
3932931720
2653759416
220603289
1831869335
2824051416
1080886141
989270497
1667089381
131501681
1109160953
443531162
655251373
3402581086
124070148
399910931
2886791841
23410873
5523245687
3616109782
5503098322
4642724521
1724588296
2000002061
1171406881
5447815860
1522479055
2295374303
3031056175
1634016292
448819345
4000003221
1436014668
4582741589
1999998101
379817168
3715956554
315151891
2520350840
1016205971
714755004
4503993189
374036176
3100298424
904433342
789630808
4901155693
176526561
1938017974
3821299237
340551536
628499507
4956123046
2952875244
1256505476
999999834
2497789608
4977249382
1850616719
2876016823
3000003460
2439007047
5875450356
2170651037
5316410500
5637729310
3793785493
2068226613
1707682312
4838771560
6479443477
4462409430
3665961861
2999998169
1999999474
584524368
190547761
1277273078
4609461752
866639812
225274406
1068567961
780145499
4000002552
17097643
1607907221
1000003545
3281610448
899948034
359594104
326567585
3615243953
5542690817
7061601544
3362384057
4982423296
1000000154
615143964
1555081174
2350705675
5997395777
3176047465
5291440859
286293040
241036680
1562157980
3804307250
2000001561
1790936775
1653317366
3452905918
558881852
4448545018
4000000159
5352531626
2822211380
957565507
2126553952
319942439
3625801543
3645571403
1565109585
4176294883
2000002027
4724237218
3441003908
2488591210
1635881558
4397479254
7230200762
2701199366
5472122445
364483080
3999998990
5300461057
849367035
4534338924
5000001397
5024072559
128755477
5326476750
3735661703
3000003258
4471436084
2986848442
412110676
634305472
218474814
39176375
628472573
2999998502
84346344
4950131766
357165109
2738035705
999999944
159299674
2553645107
5748240824
6126783824
1879962937
447954296
2353620201
4945759157
5049591753
1199306681
4869889991
245570359
120439460
1999999259
3060004792
3414036448
1708577166
1430833899
1200012572
3774008743
5718233583
3696113775
4012996508
1370928007
767776193
1552106671
2981050409
459750385
2617345071
2079897878
3167439840
2655399473
3445089018
405605329
1370039949
5445991854
3999997539
5523136689
1464101830
5429522733
13402834
1226795325
1372019909
3696254514
2611352781
4387043489
999999412
2924481852
1999999611
490346146
1583555652
4781423456
3465493161
4646517141
2633725550
286823231
882404745
2039952101
999999937
3044856073
3000002557
2022612447
4000000865
6772115016
2958886803
2980864687
3484414678
2373142860
1763142636
2289790235
2536816886
910371354
95233023
2255287413
1778047136
9346308829
1467779757
3882937490
5374455426
2084195441
1841643530
4049531578
1799807626
5607137445
5893460159
5958546836
953866999
4340951605
2439429392
2574422364
822490783
4999998179
4635612359
1957812288
10090248645
3869030901
3204200742
238094
5084622877
2000002067
6925477304
3452380197
1999999971
6886395001
516406096
3272101281
1999998770
822620801
1813049542
304187168
3805928487
635732721
353689798
4909550994
209205955
339587204
1255171332
590350318
1814206468
593210366
151224782
2177475079
5339572428
4860957630
1056511623
1000001583
19302338
4454330755
3153647482
5844751812
4000001896
2961086434
4999999807
3999999231
3548638809
4208326052
2725043762
33267125
2324082900
1411388052
3678602111
5368447324
4677709687
517825224
4000006269
587221107
1777799505
5000003019
2516846250
200002442
3951026729
4000000753
919888240
1594517404
184571167
245777548
2068887550
2121548865
48820840
249013819
1999999685
1000002646
6854988120
107818814
2997899915
3750783294
1000000843
4000001537
3834246450
668643715
3845977502
234262088
1203099074
3409380730
971476326
2400243443
3363862315
3237598699
264526080
3580429628
4192783770
3063207153
107317118
1720634411
4000002968
150962820
3984116388
4095894098
5336483589
4802207766
2517796764
3884668349
4991407998
2999997631
3999998491
5143715899
5729188895
374341509
816520496
4037058570
2162069964
4722760907
2310077301
2922341412
3463187982
2420299069
3145164360
3051930741
5509029
1678198140
780415973
557158382
2015193603
4749193973
836026770
2069962532
574080624
999999897
1000000644
733147788
2395888018
5145745729
1655669781
1000000033
3000000107
6402525271
3999999511
3905726223
58099877
1998425009
3278824033
1000000692
3947774925
637736790
4336299868
1808955930
655675476
1843143039
672034671
2999998582
6049448240
1689784648
2218908442
549543975
2700298033
3000000779
4000003719
1584509272
3774895403
930872289
2956156513
513891833
2000000322
862266700
12068411
3000000736
1722054994
4000003707
2688123924
6145020600
840281037
3263673946
6698978146
2812940375
506655455
5210301697
1243724804
1999997712
1289865204
6645406206
4000003495
2665783971
91812987
962606632
6161667416
5867050146
1698784620
2757660642
1109029692
2226323496
28689971
4000004794
226175416
2999999547
675930113
915733521
8162106821
2421186700
3000001847
3027407943
1215377547
2408566919
1724997054
1739529357
3000002382
406663835
4912864990
3135637636
2486439588
5000004573
3692961483
834330954
2578727893
4204127876
3463246612
1962222629
1999999094
6174054689
1436096516
3999997507
3000001621
3070971860
4188373869
2110813089
5129231322
4000000036
2717708691
2999997758
2829300937
4000001256
2777171
1216036208
5155542485
936368666
964291221
1000000451
1692375249
4973895350
2081220880
2440195776
974405105
4000003303
99287547
492339648
575952568
3000001164
1492731134
3662751435
1957722458
1264294265
1675424444
6467433590
565161735
3000003652
585347466
3641026599
4819562570
5101668957
2400565463
6078713787
7048651188
1488275252
5147535024
2349371648
5273207094
2513950042
4054867119
639739815
15229503
6927905231
1081998008
4241251364
4821895478
1179142211
2516269138
5454892314
2658067868
3000000133
2620566171
2140708750
3004553051
2080968353
3477466219
1004664018
5418363053
3254950488
868980547
1959160730
5928589570
1662695498
3943299036
258591545
1039318220
96035154
577999886
1000001527
106691113
4719970463
3706694118
151620005
1619421430
4000000796
1952095927
1386250293
3287700745
1456569648
1218549618
3999998412
1849861356
2416311441
2649016712
927619288
648223796
46146452
3707581286
4654396608
887741331
9320971787
2000003671
1061870377
4875966022
3000001973
3879105094
3786247453
2283686096
1680478557
1515105429
4183570607
1870928084
1602927080
3000004029
529306540
742002138
4309632498
426212364
2049561259
4759347719
445576820
130014130
2892116169
2263655215
6141681344
1395402608
363174282
4000003216
2451177459
4456754727
520627274
3998411323
1896673578
2374646130
3000003941
121583622
3904367657
4348632150
5458464632
5658535602
1845412135
2739767868
2422446969
3350573348
1555162974
821944624
2332265941
3586885010
1999999950
1749595835
4000004732
1843177296
2789416683
3715665150
4792350980
999998804
5000002176
4154913430
1767808601
80777114
1886902916
2077053127
3547041703
4000004005
2000001072
4544400405
4000000474
857211399
4388945364
592196099
6120266148
4658300977
4565078806
1248970303
3849088
2895456428
4000000127
271036696
326227540
2690213492
1667933803
529829693
355425273
2999998198
4083393031
5633039625
3432565455
1310998014
4601288303
345155958
5241258738
663659238
3899283028
2000001167
2668474436
2088592547
241603167
127889801
1087066833
1903483845
4769476060
3387360749
2000003082
6330684898
501031161
3000002802
4999998579
2394402603
3370590405
5355485959
2532656805
1531069165
1820166883
1057003365
5152198690
4681672708
965442402
1919420009
6580939047
4181069764
2135589340
567197909
2080266331
7046300640
2431470998
1668176559
2000001493
1321082191
4999998728
2061032415
139989901
5017577781
1001916719
3000001680
1307786910
1999998822
998714925
62702888
2961127670
1777220682
1634017627
1521839700
2434400940
4000001925
2680929958
6106906421
1056725719
3000001156
2179445960
72322461
18419530
4062078734
85911778
6789779880
4000002598
15321237
9779945
5331772168
6219830973
5775044492
1611834999
663384525
4660361190
1896658984
1285779928
3991627335
4564631115
2999996857
7962718322
2000003304
545015249
6856861771
3999999934
5716773913
6584269020
826514286
1888250009
5212360579
2775852706
1060702237
11762369415
1771731255
741988266
3000001282
1656076264
413561352
25287151
637367954
3476555552
1974980953
2188058542
2950491530
2451476474
830397292
3999996040
2496942933
6053285469
1948064798
9701160
1218341680
1935943161
5226184539
1999998959
2658967493
3579455162
2238025657
275129972
5228824478
1473553833
1559528404
6050287677
1455703176
5823963228
4000003377
560455845
1371725011
6012246849
1741220417
888973349
2184528164
3308080693
2433228447
911376333
2936930140
5542342420
3362869468
215321652
3603938502
4000002838
2956642035
3865960232
36938423
3964080414
3688724632
2131092831
3894090299
1543667790
227776586
1000002832
1000001885
2306204860
608157740
3525885029
6410210057
1839809397
3791158080
6490382358
1684995510
4403503999
3022798217
1830916325
185262940
1000002116
2509241356
1491307402
1048682925
3129224971
3626438091
3574690282
2401922775
171281770
946845970
352577380
2426097808
2709612738
5729095189
1693352115
220080601
2527502789
337760230
5167873678
3896610592
585622428
3780175181
240357297
2358162174
785652505
1657860251
1445710163
3436228086
206307151
2898867868
272388991
318871189
4090140097
1846744164
407573041
1027739004
6283813194
1239230693
3000003529
3516042050
1000003250
4327881364
432366296
217118402
2015834930
2207091781
2198027727
5348080719
1026732849
3773026659
61463951
2716974109
2999997437
1283402390
999999640
1044284947
8426370620
1999997635
584581
562970809
3360912252
3000001728
6970752455
4038291724
3739832225
1000001826
2798321758
2232817351
5191143697
476582942
3057054613
6369598550
1676163324
3136268657
4175035869
1347208561
3999998435
6239031072
6478572082
1391071752
2351139542
20269496
3412433041
4133505903
2653312383
4434571198
1058308033
173618766
5593874094
4828889521
4266261175
3098095563
1377270888
1194384
19395249
2000000978
6922287639
3000001957
1100526800
5054750367
22407367
222990489
253127165
6055370209
2283746537
432578937
2871438932
530616457
2056334675
3619030274
2977439753
5756411942
346414929
1797547278
1546361021
2012073075
1447151916
4719032910
17453316
8347523075
1935021434
482858180
5046846259
830904795
3282110337
2000000844
1999999994
6397263071
2272058452
1320145827
4790347239
1417179841
1368285888
1821682608
4000002380
2249465547
1052944155
1668021041
3400447297
4031624088
2352281504
4113754736
1000001791
2902600332
411288732
3102685860
1782938512
353634140
2035022017
1854717186
7568784596
5103153171
6202655076
179311556
7552904124
433739580
1534583745
3853087050
2299213785
4937185016
5434619865
2243407202
1005325168
717863376
4308704512
4272367880
3000003552
5752041463
2822150046
1419256104
4000006081
25229812
255875470
7393024626
9041402279
2958808645
270783652
2968404992
2807711898
6826289378
804003995
2483964504
3000002683
40636953
2192463301
4456860732
5447393255
15672930
4577167935
865862262
4054323296
1069121852
3000000207
5045567152
3487607126
4681463555
1000000270
3264744210
1651957688
2832458443
560668578
3029794884
3001730145
5108465055
999998539
1942943343
1481801931
1303198620
2088272637
3000002173
5855805477
1519274979
510062304
157667665
5548276722
7724050922
855822172
2000001068
2999997981
3894872234
754142524
1120581341
1389206943
2598251401
298455973
5559107253
2000002381
193562560
480704255
5272800136
1094382669
5000002205
6987484314
3284271576
6288821599
6133442311
2000002656
1999999245
2000002060
3000002143
391142394
1555631031
3000003102
1927068435
1999998123
116379147
113430118
1201245576
4000004104
1504495137
7583294029
3000000166
5058935998
3334502109
4810554262
21631025
272389236
2719750888
2854817694
1584007417
5465635893
6768421536
1502338654
1073624300
5684872592
2000001189
1254139100
1562122701
1146373025
1981642641
1801966975
3101616677
6201598116
149662911
256774787
846115623
3000001211
5730628488
3307006882
3755995211
1621322199
2351048289
6185921114
619024223
3626145626
448045275
2448224752
185590025
3786727909
5331880862
3025869205
4003948020
4691108060
279788843
5705186128
67493652
2333600525
2999072712
5433712218
778826651
168053095
2661118002
3748310832
3637342962
1994076329
2022125418
2519656342
2397172744
3478507570
4758613822
2481032298
2592591895
5233379031
4000003077
3000001457
6903306255
872159186
269107495
446067468
1000001235
4485391048
3499593219
1000001097
1601227244
3191553783
1768297178
3841036020
4054749607
2360929272
1278638196
60506082
413466610
6267584546
3535210538
4072380347
150628759
2430618631
4069383221
5219799077
653536194
1000000167
274621354
2000000895
5000001548
837218006
3281581497
14371174020
3501770063
4025817885
7541646861
793934007
1882477923
1454043423
4999998406
4920570465
5548046754
2609663363
142842651
5000004440
5869719752
1389716878
3221549274
1000001359
726078294
1108746589
5774186438
1664302552
2971938343
7433645887
3878276621
4000004538
1562563289
1940723952
5143466566
1244668340
1487952914
77485120
2124929488
3297381967
5000003757
2278954348
308192863
9019202654
20772113
4876470728
428908023
3950546233
2833015447
2891772242
4798583183
4465545310
8152936298
382710897
4718956317
5223950233
323155805
1471277616
137469998
5244956255
452757584
2670419214
194078171
1501379553
2828452176
4466052571
1806167157
3000003331
661345316
3306511024
4141159282
5579693044
4850698682
2008360492
909370379
1152492119
4370009720
183277301
1805314209
295370749
3000000878
5085174538
4605765584
1575843284
914367038
1078348342
1706976616
2032059693
4327782948
3085354503
4000003807
3000000953
1921996331
1906701035
2999998695
261394855
5349027025
5565348768
721634570
1334786547
3139936953
1097153342
8046983910
143515367
110554262
1462531132
5651986263
1595601676
774786787
1865805769
309628782
3930357725
7189833063
3341346539
1000000574
1000002812
5077112112
1454053414
3173138556
2000002479
2999999876
3999997823
1724596518
4402487086
2161765025
1999998311
4426172660
568615387
1984040669
2791842430
4779999498
401554968
4752500913
203205010
3923083578
1999998770
817932059
1067336745
2009794031
2281921752
1000001613
7419377045
3257550834
3810544021
5713855539
3267817303
3373726844
3361817692
5314917265
5512611670
3672593485
1999999962
1415461197
2133722810
1278413819
1688719038
2014807738
1636763021
231730001
3000003484
344607462
4014769846
1995651417
1999998671
5124690650
4313881176
2806010898
2205073189
176511672
759244906
3085887434
1897549493
3089302592
1701726950
8542889295
6651790247
4180549279
3700471416
10757369662
355005857
6153174093
1250756790
2359686374
2973091349
2120488245
3634114562
5956918700
1536335612
2643579616
4970647243
430419291
1382425897
5841569893
200551936
4302323825
2944199629
1078145805
6525026538
746286687
6483790801
942115696
4386151165
1660206545
2018831715
757865080
2346003512
214976378
5880806096
3422804623
163328825
685686512
5657565636
1186966104
295342983
3965702850
1000002182
1137652804
3045365760
1218492773
5999636896
3032731718
2873598014
4079312204
709090462
3602302858
4624848562
2000552520
2999999400
4000001654
192445922
4089248794
2794934478
181321745
4831287661
2641594296
8675776889
4164112749
5445617630
1448755520
3999999739
574170511
2292319694
1278594341
5719972463
34157721
4831822501
831396610
2200021127
506079833
1601338890
1047672832
1572249120
4627461590
3000001198
2676266104
1578048303
2623875633
2349339350
6169848571
367343369
4348817089
5139679796
3325029000
1779467580
4937870600
14908458
1641034615
542476377
3951098041
498846330
2660688299
1000000799
1403821342
365420619
1769760418
962769820
2219623694
7095453765
3100868895
3511224190
1150126732
913257551
770412791
427115852
1211408856
1810126647
3999998920
114012239
6599120898
2648234470
4770688034
4196354746
1042010908
3801350060
2803554278
4816870618
4047774450
255675037
2679768061
10448497188
1726672188
5950313889
6227795218
3367731381
2525128284
978043948
1282166725
1405141392
661557052
608000829
4000003336
6823861021
2291706232
5037364528
4000003336
2825825941
1999999810
4349045680
3928371578
2119421243
2000000642
526137443
4000002581
1109666140
1520225283
5442117904
2438694086
7569482986
1155047953
4461207715
1423803375
285911124
4718097540
999999693
2010887830
1026051944
2660478908
3496659924
1187519473
5160451963
4836542508
656858498
3053096577
3435088781
6896825872
4000000682
2444098446
5209530871
332421844
5849148379
1210182036
4650349480
5536653751
2000002059
3774855224
2999998972
307034874
7862409133
1108900545
1999998463
4326255563
470963153
1560654263
2662513299
4315473325
569486260
595830264
1989845373
4125856602
2738815742
4180379565
5514882404
3882247966
116709632
2196937330
1000000077
2814152917
1000000660
3797588090
4384111403
1970135039
4924984496
1163779932
203610310
5666219929
5506268475
3412202372
2433442936
2085799277
4287207
6277982411
1120736502
6719774975
2113578769
1000817994
4999997998
5165280743
5219751513
291410200
4647336196
1446248947
1345635418
5252165994
1484643010
3371838892
2581178956
1640834211
5432767689
348298758
1572563473
574166440
1126398678
1000003202
5190756240
2000003079
1510283349
3271403207
10974711
209561565
3973590303
4747113292
4577963573
4892295282
1386472234
1000001419
4878525784
7807434524
4304537232
4000004137
884458251
1161682845
5265421750
1976979870
3031238761
8328153470
6373767779
1550267748
539438922
1000003444
64963145
5337234938
3654676680
3248232918
1573704454
3066728350
3622043750
1735160104
1444062920
813691257
3015175244
2441809952
4767898248
1583967297
4999999946
5475474710
5000002545
296399329
3000003457
2062806550
3079406857
34440281
3100620613
4140888078
3999999886
1896353647
4914282623
4355714946
2374637638
2677466617
4087295671
3664245024
6323057918
4523093970
906593111
679156132
1433561567
6338468821
564986483
2211975688
374198301
782973906
6825380364
597294915
4862382083
407933618
1577106523
5471268485
2253087851
2999998121
185109226
2062011433
5213572713
1804885872
5695574363
2072807472
1236996383
649847479
1000001978
5486108501
999999507
1447557619
5000002032
6930496007
377575658
1259454231
1999999439
5020707744
3352561147
999998528
1347560276
2000003750
1448456810
1062162655
792676447
1546952856
1811176870
5689564606
2820409110
4059620046
2018500636
3099319398
872620376
4314634727
3249607728
2352809357
3088518450
619437395
2051275391
297845535
2668990306
790199418
2697234595
2455981696
2000003052
2860753301
2655748392
7243593055
4243275895
1587967042
2196008465
1498797462
3598646456
3974248355
594250958
3276520769
5502665951
1827042470
1210914232
4014127018
21007232
3798726136
8213772504
192915611
999999780
4221681756
3089384901
718030249
4015850825
1774122943
2291265918
66087948
2128073746
10688947908
2419973998
2212204782
1000000261
4846689198
20256532
3706186317
5215860342
6433809034
1077898331
3537145852
1089652342
2007635800
132040346
4860673794
185526585
5260695621
518518065
6532276159
647045256
2687894505
7568025
4169188683
3727755924
33471409
5589570532
4436224771
1626961131
2314093621
2716354945
4000001656
3339979688
470750715
2662699437
713372909
4459860641
2865242393
2526759299
318936060
3393050750
3413398597
2569561587
2173144836
5658271
542144498
2000002198
167038856
3412238983
826517018
5078097036
98341118
3996066693
2767874684
999999111
1926598988
3836768716
1542520428
7500228599
4136834192
8630850111
2892066298
228236802
783647010
1914992
1482863331
125991629
3166198981
545627633
4023469518
3000001577
937680567
2113374020
3275996603
1598547920
1981986465
5487956370
5560835987
2437444802
2281703253
2999996460
2261317299
1113053816
1431079935
2173723262
891696090
11147440830
1532703386
1319909960
1473760425
3900210808
6052841389
751964192
2665233963
4999997391
4000001358
4554680610
4999998970
698332675
680480347
2131715407
1664195688
526569129
695008957
4803105021
2221596413
999999358
1010127321
3438678270
3000002916
1772999231
5648682667
999999767
704665503
567834885
1787501529
4616388100
2999999507
2999997967
1310460328
2158883810
3796856388
6760553365
2999999830
1314140762
5528012712
3259031135
657751305
4269968159
4697292648
2946938120
574378033
3912526
2729938019
1440281496
1000000229
3257218663
882084827
1154485872
1193364495
2799634240
2121255860
5998835152
4272899080
2772063843
856848358
3747768814
3275636448
733430236
6260274375
1430095924
5505576430
604859595
2696466006
1582004322
3999997850
3401161413
6040345077
2273252586
5091833569
52098858
1000001101
3140329331
3501078838
70638164
1452520233
1543053167
548654790
5000000007
1795227964
2708997274
999999238
1999998343
4471984952
6327516683
2228149919
1701259737
3070368006
631141956
2699174149
1524889787
3601942702
3582487926
3297274234
4381169643
294830897
1862664752
3525896068
4640996023
3313395094
1025210669
1390870252
1620747418
916292154
3252714503
4493336017
1000001073
3393542373
3239532141
5461122023
2211917840
1000000186
4000000107
4534933539
1250787589
4000003148
3650497767
1559848354
4291540621
2658068945
3992445968
1669187665
1748676156
2000002756
3836494609
2243463882
5132687299
1789360128
1868251299
1331118805
7178675040
1044252166
1000000644
1549905906
2666648273
1693555237
3281934902
4427870541
220587541
3285811378
2064127534
465477969
1758087639
4000001058
5577882483
5808034263
121527728
2049514901
3338895276
2940367452
4240709536
3539886659
3275249940
1000000248
2000002260
4779877643
37026512
28076195
3112359592
1814135634
1413172025
4000002546
2855308103
144831375
2000001123
3000003033
179944963
1000001925
4204400426
5394808366
815977366
3080783133
1465079915
418479749
3000004284
1254134284
5000001003
1911385307
3706385447
4638730354
6395896862
4702522798
4023213006
6003013830
1999998168
2202426850
3000000729
1673021888
1999997925
2000002656
1000002647
2276620860
4000000725
1764176274
4349527926
6715734636
1527597142
2481302074
2552100846
2351408055
1740521306
5882630516
1615064375
4000002121
3926997732
94837915
221325395
620724437
3448956420
103476600
2202398002
1983416930
4971603339
3000182774
4755518767
2287350796
1948589880
4000003491
1783189482
2591462389
287413680
6438419346
1373469300
805153673
2640546400
3108775950
1974392953
2086014764
157081064
1920584569
3000002188
2973309953
6653699650
705847316
3130250334
1865915614
339634254
2412814478
7407254331
676543495
2292570493
2415787388
2896866000
1301827842
4772555106
7650027884
3082666396
3194760227
5200558160
4798629912
2000001787
947541304
5555098886
5049798922
1316379809
1620981794
1233855446
1080559778
1211166684
333636178
3380409677
2999996833
3000005392
999999596
4380285193
1230554368
1301962393
106849362
1527768324
2572323114
2390249013
3048916473
2155703961
1658336935
2110002076
3197150425
6135595750
5359796622
4000000002
1142352480
6257080978
236791098
4720080253
5166840407
2935403510
4015484891
1130165811
3041519739
410064643
1350627960
2956454873
2032263063
1084548267
3354670432
3722005733
250679538
1045485500
4636014285
1103802040
3000002410
2246419834
2410915644
327310480
737028990
1000000298
1522211521
770189869
655620628
3895126021
3000002954
3236727604
7800317252
3505842258
3888981609
4000002365
388288611
2035273641
3999613761
3998237858
1950569738
2231482488
1253243457
18842819
1202033238
3541124190
810718886
1380625794
2165976230
1642929608
5000003803
4871125156
4573717485
2000000684
1858520601
2450406826
1472224676
2155041399
2826646029
5000001969
401174910
1163623888
1999999435
251105041
3999997110
5216667573
386457694
3000000778
1956925061
5367971616
5248216483
2379039175
6783394047
4345057495
323542365
1322644018
3123879975
500357107
1782005507
5097046808
3402519022
1000002948
4215763645
163658912
168136482
1990843649
5538918629
1089933685
4080054734
999999778
2434732499
3000000777
336305964
4432545045
2157219155
2544898687
200812486
3938671933
152940350
2912037292
2364810588
1013049734
1000002710
1526365259
436719948
1777858850
4307694711
1740202579
280188288
999999472
3150522898
1000000911
2409428264
1133331514
3389850592
1000001379
2011079003
3885317092
2435570937
1451412576
53475562
3754188089
2913692208
6037664384
999998795
45954255
1000003059
907233684
112565709
2181891223
6436169196
2977815516
2895713591
3009254122
6244019880
2465035081
2694200163
5829970734
216067346
2873474365
2999998986
628040549
4525905838
5992012665
6097699547
3000001634
1104478604
335192800
6781990290
2299925009
1000000232
4000002692
4810866990
3226746253
4215610243
1191883269
2974843973
3307206469
1859501310
2286606027
590125404
1931853826
4999999963
1000001347
4425648663
1182244382
1846043960
1001122830
2099070112
6569938366
3000003189
2258820146
2000000250
73797451
3766352857
4000001534
4799855012
3630024461
643932844
391024333
4995286994
1220492329
427028728
4688936044
1644250266
429283113
4463787157
145375800
2762371574
2948237658
3575355475
4000006297
1175372877
9138965850
2724400336
1160678671
3973357736
4719767627
3844988943
161980380
3331672317
3000001022
1181203716
2925685599
481544940
730295404
3049170044
1754691223
2632240555
2843264021
1891550563
3057609754
6230700251
4046603427
548650371
4407550411
1278583171
1620844053
1000002141
2914848026
6662403327
5082564724
2501125419
35548287
917905576
1586065121
4000000637
216220176
276098083
2000002305
5830024520
2031486094
1774963936
3277846582
4782880668
2986668081
372404057
1675093809
2519723584
3999998729
2487391426
6695107757
2259878228
880810319
3637106505
2248274471
1673692248
136995038
3000001185
1161538952
2031212305
3969520940
415187131
3596382599
999999001
4916774859
2279393318
37706327
2824533306
2362173569
2041569262
4483048778
1130389794
2549283494
1314348360
6478079319
4265036369
774470268
2178294721
4999997955
955247494
1913612600
4175176658
3746196027
662657070
5136137101
6658819918
6036717348
4180904610
2253777012
2655631211
1957159950
4956882525
2943870394
4194209576
999998589
3000001195
108277896
6852513707
2201341973
1157578244
4000002607
4000000062
165598155
43039949
3999997854
609849287
3071289738
2853970459
5779275110
791834684
427957975
625991890
519043990
122014290
4000002391
4638559808
5636122919
2075741969
1999999654
5085304713
3777481819
4781907920
5780342969
2101953585
829064154
1758748422
3030996600
5000002620
196285416
1562740920
5666645672
3715422258
551695568
6945195540
5117117753
2999999527
2203630615
3355844232
1440135925
6780544652
4774735612
3963362440
4999999300
2952900298
2058129793
2582752423
4411083987
743144802
3438754068
341284686
1172934192
3252023159
5098037039
710789843
837744733
2357060070
108205237
5390563530
385154232
2000000361
233229182
4404739027
1326204259
5113371876
3855058826
235446846
5572604794
2000002487
4410515963
5424483914
43944223
942698471
1000003439
1999997878
4244627106
3000001341
151909571
5073446042
4000000322
2332648805
3712896141
2406947692
4083026185
884336596
4710441627
4787873752
2959647544
2396788810
2765985424
3384531695
3000002273
1835055575
960035566
1384421288
2609387427
2999999902
999998458
3000002418
83987241
2830224232
4823101110
3700740949
2243903316
283116732
1364256936
3957701863
5208016141
5091188019
278605486
1602279815
6137139681
3005614827
5162987823
3702947325
1061263122
1172340133
1888107270
1467251313
1633754529
3655732237
990216561
1765706614
3000002494
1000000150
4886799621
3897138553
296094995
1525068325
252301360
34298903
3248099064
2764587216
1644261160
54766359
187424303
2961445602
116410503
1945908367
2857191346
46196409
1228343781
5324355235
2162035917
1496024306
1202039011
159521700
4288342161
2478624084
455000792
4638617638
1043577506
2208742741
637328396
3285044383
999999872
4518556883
434660595
4000003467
964765542
2099738610
220315239
6730968582
4947691090
3805580034
1999998199
2917720525
6439730752
4417200929
44139370
6281001414
3642118893
907891372
1690162785
670912165
2096862466
3750221146
3070977004
1252761285
3798813105
7265796083
7257956575
2490228942
1437180201
559004113
3461105835
1792240808
3480998498
4000004443
3000001623
2166246436
41560472
1595449918
2571003986
126341291
705073683
2629796911
2140721580
1578827948
2259082572
4261644634
1694237268
1362444808
816871110
1077462599
1906556131
6304377513
4145061213
29281342
5034663144
4743041615
2121590608
203252249
2672712727
2280161544
6896586934
4000004444
81139823
1713506405
3999999514
4092708761
4000005436
860130574
4746979215
1648024616
4470960674
2175456755
1036669532
401246880
787531408
1660564488
3759240188
2000000117
1429399418
1907364335
27677636
155309826
999999769
3066680793
3999998209
4927974528
3851627676
3715327725
1686680990
1852630131
2438876679
1488055263
494913128
7941468548
48958526
243405827
1973985369
3365936166
5975236165
937446568
12679679955
2949369929
4000001219
3156262465
5396402772
4869956476
8573927952
1093754913
5000004233
5904398527
1328761145
2000003300
956164117
999998439
51045148
1035514470
1414434622
115396446
1777823428
7082781984
1714949859
2429118878
2999998946
3000001123
3146632407
3859462930
66885500
5316371203
6921612936
1795446307
6052519870
3000002040
4517290764
4353178188
4454397806
859763088
6037531237
5188411710
2575931025
4791242748
6906493155
3373702661
1930930928
1178931010
4000001006
53275814
129455628
2012612002
3159608140
305265208
2750343088
801513590
2976926288
1105159747
403856617
140757363
2436292069
182473926
4853242075
2999997591
720797238
5388186011
867033741
1076917066
2865621381
810381462
5319437916
2999998285
975126822
5759395102
608684480
1236133493
3858995682
940840305
7839918385
4640155696
568355038
5055743473
196480835
1086840144
2000001540
1429287519
1000000237
1722136977
1922907600
1280768916
1183232248
4199374812
3000004665
518465276
3000002577
4724403173
2000002732
8150529602
2960076920
1923704121
524723060
84635139
2420414494
3999279729
2526915462
5499675395
3165294157
1000000891
2326940612
2706607430
3875160040
3432083810
819149924
880524087
3000000213
2000001041
4000004698
1543314810
189676207
522130033
1914957883
3999999231
4675529036
1000001930
22060861
3858819563
3999999231
996131951
379018024
777132332
3000001669
3005234496
58074361
4455093644
4789146999
147671059
4229132505
4500478874
3340193567
922213657
2383049354
74735964
3675494604
1644182897
889161889
4000003139
863073707
968204562
5262499388
6499685900
4657426503
1219113662
3999999736
1000001174
3917635115
5312635904
1430524383
2000000263
2275927952
3790103072
1301774536
3359684479
5953170084
5370765392
5118573627
156768014
4161197223
135001861
1315543079
412059151
191158706
6968362468
2146748319
807779527
5122941863
4230358708
4000001215
5381630024
28661030
167344563
528111849
28559117
88893807
48837684
5000001662
1000001429
4935339486
5033034639
2446828681
3832442649
144458174
76668706
2683563063
3835874349
2202777923
2130774330
1278309165
3000003453
3137934178
4999999471
130665627
2654273264
3990513982
3729875980
4000002203
1451648956
846176226
1068733296
2068893060
2426918351
3168988684
5754355267
2926307907
509939949
5000001658
8076126991
1672719918
899425305
1828301239
2348894369
564970884
1300307975
2000001531
141780008
7175546739
1000001607
4239549786
1050035945
5606742384
777935532
5000000449
2633926784
1219243609
1451228777
2177185160
3153712380
3000000190
6498520994
2000000707
80494004
3575145319
3889254338
3000003171
1176241589
2290097296
5000001328
1958691382
4936562481
5829019340
1245007066
880525756
2971994781
2999999006
65471679
5535534566
5150599417
3719073261
1265825677
2952221689
3870300964
4988119550
2440827238
5000001137
4990408068
1999997892
3328183082
1000002006
3699216155
1620626006
3534144770
5089203225
494171646
530702914
6602884084
3999999390
4351666301
3000000946
1735989120
55329138
4346197728
2992482271
4174518239
1408532839
4392634294
3240428278
1023464120
2269893542
2275828326
3919958044
6255996809
5000002658
1056030647
590432554
1345638318
999999898
2314752489
1589949557
1000001720
220817419
3999999517
219340216
3674050714
1900311828
572189361
1714340210
2354438217
6870924060
6235476869
609136935
5745492402
3202249125
2999995299
3013697688
2879935871
8008541070
2840172537
6246322522
6329730733
3614643584
3741704492
2051037004
3926734621
4166508349
4246814468
3933405524
2077743281
110248497
5409384501
844362858
2000001158
6864679953
1000001205
5855169241
1032836664
3607263870
289866083
499168824
644895687
6155325252
192169561
4475081300
4985664478
4280400873
408798625
5391315668
2976469898
2000001636
186363267
2180370
3000002632
2197322723
3612904954
2057697997
4476607398
2047803889
2115039418
5919519234
4597216023
7257054540
6079279987
1885660730
4793272135
3000002435
9691528561
1121009995
1292800185
6376676921
1580042475
3215856073
2000000848
454608318
2999997971
4690832206
4462208950
3649894471
1149595320
4279188238
243853085
4434566927
4148065888
1358828
3199631573
5449477951
3643575455
7367895136
6622592972
4000001318
2907443146
3266655063
4218163882
1775087881
428243678
4833458150
7533210790
3115771614
508365409
93400876
4999997987
770399123
2000000849
4277643332
1069791528
1000000216
294318744
1416884271
725735265
3000003694
4349245568
2000000452
2862716319
4999243772
2746638782
2000002713
999997994
1527000029
4331200615
5000006517
1437252462
7099197459
1746902173
98044476
916774640
4337919564
2658702440
5971479
3000002106
1695418096
2841707126
4430586224
4240731620
646580009
123099060
5227125451
1613247400
4635136403
178516774
2788824181
2505719908
1231379266
4000000773
1683316471
5182588190
3000003496
4538381340
785204118
4999999695
2860884378
4825781537
4647001162
4621239650
663605908
4134614336
1413624914
543577684
480424090
77783093
3461183556
1879885911
55218058
389002803
3000000445
4999995134
5166680827
5057674524
3288265877
929607586
2000002292
1745348179
255074150
1592050395
2771731410
2060481587
5217383070
1722636457
4956022397
3409974140
1321384368
1153840834
1037945346
2599354791
742507053
499830184
1728994048
4019597515
1869867276
3492657345
5349518905
1728157177
577596923
1982391133
5939599470
3832615437
73693626
3541041560
6068915677
4733219177
4972096874
4165351839
3783945922
163626681
833872009
2731751004
4571966960
2005086517
6428922297
2193418826
5285385797
4405374611
1546750537
49830223
688272630
3484558056
1548994396
125004480
4554581868
1000000785
2559206515
1819980419
106934302
4314704421
1000000553
2130219705
6533719849
3258729828
40911949
2767039155
1882224772
2124489835
1952493868
2000001179
1066920516
74535875
1029106016
4294026811
659124030
4000002895
528090800
3834455513
1418275620
4032428968
3551743043
140300468
2419211171
3823385950
1000000798
2015935182
1999999719
1683991222
4449352558
3608225808
1352666528
3547822783
3028917446
1265033072
714561825
101923864
3354223595
2083218147
5093531396
3665132414
4206905472
4865103712
855504154
15322615
3218723999
5793601797
1973854224
2513874245
2447239344
613720479
4631965881
6994853739
3548085149
5180458319
2000001669
5229824429
633949133
2873086315
991067302
1899929986
3665799046
6491383339
2101277430
1466819529
2891066012
1805112303
6583516413
1057587572
2378751553
2040100337
6796523308
4141111410
4000002668
3561920910
3497543112
2844698269
7635288613
4759010728
2258580909
4000000798
4940782556
5196168633
3167957637
32034913
1433575804
43865847
1492522343
1146849973
1276736270
999998521
4421422085
3184635114
2997813976
1072061019
2747500477
1559722226
4241542504
4674029074
2036759548
2040486436
6271118749
6415739247
3431090130
234573483
327120012
1456006470
3948800838
3160525170
4602089675
4287766631
4826623795
1173819418
1625447335
2175803622
507168522
392426135
318137979
2387085388
4684858589
2736198932
1015090632
885002042
2869460629
952202005
4999999524
4687001768
4000002175
1350979572
4014729601
273844923
4957566389
5874892366
3086455573
2162288174
2896383388
4000002400
3278485312
5254861340
4231351594
3632432157
670793430
2000001178
5329189807
1841415768
5053985379
3364444518
551380147
2432410573
2267947702
3252887734
5905060742
3078311211
2367731881
2000000888
6467952194
113883584
614256556
2122984262
104190969
592044669
6768603473
1252144246
1025557609
1812547190
4475821057
2258136797
3092490986
4449756141
702675780
2999998452
1541163292
4432045077
2000000929
1207369640
483415061
512972555
3406723626
3000002401
3167531743
1920841820
2527068553
5176610846
4000001911
1711895328
1999997965
34394595
19353783
3115244977
766062930
6032066187
833779589
5105286225
6900118965
249696189
7149092289
2243454905
709833136
1102458507
5391633239
283662673
5738718015
1354236691
40811834
343133838
2870070615
1114948451
6880189599
1071658489
2604975625
1454667953
4000004244
4018946833
2703555856
1382785310
852478109
6040088678
3046984344
337427679
175249893
435410132
4219631826
1208374638
3651971793
5757222093
3168783798
5771105267
1273100480
4711367494
5473796019
384925
6377863264
4355185534
5097802516
1000001531
6468217782
6798027492
790026418
763770124
4728734461
1967880148
2819225497
3907682325
1241186584
857657629
2685051586
530246473
4033352466
4581131085
1005238059
2995492085
3473369233
6735540580
1732265699
937285292
2451531301
4225570396
94267414
1658534515
440382613
2444817297
5588441556
3000002725
226652341
351879421
5812759890
4000003245
94755500
1075960471
5201935743
3999997371
665990032
5195062757
1031845895
62968912
1000002207
5740876898
498036550
356682174
5842355448
2993115492
999999658
95521901
251927336
1091313007
5148335950
317459447
3694605646
1000000341
2926451596
5881267200
1408261305
2015389857
1457597297
1135707714
4336242021
4402951663
4000001836
5260031043
4781481986
2274229485
5552467215
1519849014
4304919734
3964327064
4230912619
2473451287
999998629
2403296801
3400086240
1794238866
930418862
1214177181
5290388201
1895692610
1772157826
1444108239
3366493729
7114640535
2043414933
1412364802
4535315070
397071513
826633864
3493427898
2918815066
1694565906
3000004806
1000002850
2183566976
5000005179
1000000683
1637644035
3206969543
5089654651
3331881074
2000001420
5110062238
2000000776
3871981831
375447421
999999471
1346946774
5116538668
5948929508
114814135
3165803012
684239682
2718416409
949809330
364904153
5015501530
1399729357
2357296231
1340980907
1680398620
2177290406
1903018318
3000000354
2999998972
159746769
1174762511
5977466792
1437099832
1000002605
95501482
2550469321
4384011530
6212820
154198458
5928644261
2561992870
955336516
25493277
3000003004
1999998553
8186141280
2063054180
2000001301
3403915087
4552533745
5639113702
5003598956
2946678721
3863463873
1463592910
2778882157
3697667697
467531958
48221731
6042328323
3000003569
136906830
584267775
4010720648
5832271932
1000002488
1542592394
5456360895
1236897152
1180116802
4371335910
57578765
42172511
5000000875
10961464
4106019651
449774781
3129108481
215664193
5479831247
5452562240
3855497053
2699346736
687092020
4000003265
4999999431
4061433084
1000000995
3423903533
2753003973
2666861392
404683342
2289449363
2000000715
2052868281
5839360876
945459147
18220685
2883313673
353866409
1129368481
875966125
2000003163
161224961
2332796912
3273487417
3274388015
3768341619
3999999485
972229425
1000000890
270428035
2000003760
5365301938
4000001605
6384076981
2055837408
1906806954
5919935308
3000001741
1000000495
1000001443
4999998279
4240736837
4673809610
4044112398
1811640400
7511813036
1259914779
5724566876
1000001075
3123253036
1000002172
1527033109
426527031
4440812567
511879223
4221568368
1514478719
1810788450
517021251
2348389703
2000003550
3122537114
3192918719
3218146836
6621962488
2540469616
2238488045
3994874081
2947832686
5080974056
2000000581
793958083
766938468
1806853708
4856198315
3999998189
333031295
4213961337
1000003306
690046806
3412469430
1999999913
5588259009
2460369284
4332669768
345835366
4892365185
3779947123
76586594
7516816560
4749163904
5782587936
888982091
999998125
3797889992
1305207837
2218605504
1906234339
1353015730
2946666430
4999998559
2045006151
2108295708
996452532
1058049374
347821332
3205335774
5427370630
2999997627
688042313
4634209984
5000001077
3376799581
3273967217
4000001782
4000001740
871240851
5370389460
3415456935
3000002404
356147411
1329263249
713665914
5504193821
24056682
6302754111
190564681
125728115
786652409
4686471022
1078083082
3419795248
1929784067
5779051998
3000003214
2000003259
2558911316
2167032442
2000001251
2000002489
4985377194
1994461904
1122643254
2197177503
3436166029
577629515
4851897380
6511774745
2724293477
93774226
32253234
3761012439
3760559742
4000003580
4694331260
4110437645
2899181017
1173762289
6200881619
5190990478
619659848
7674190551
686919743
583100441
1472326203
1831881647
4106603353
8478190875
1107022320
542382400
2120139177
2713569134
348597924
2281961774
5396416653
2923958426
5114197633
4902888855
777156379
1347264667
5907571605
4065598883
5345596879
1021580333
1960079448
5720343651
1999998989
4000003014
5406682708
690229169
5458228794
1862747379
2613310723
2309473243
999999699
1734580719
941148606
1297504918
1000001464
2035453276
3000003056
499774910
4299353543
2998109820
341169920
741648378
4338491362
3035160315
2423395410
4000001840
158784562
288831908
2000002690
3262158880
4504799127
2000003482
631521607
1408607477
3022838916
5242103233
757459755
5012721876
4000001968
2808727038
4886919917
2982559525
4194407354
2045302428
3000004113
4522465011
1865881826
3000002063
2299362992
1961721466
1421241022
5392660972
5623244401
3868913058
655987162
928241283
6539503329
2739297864
2565861608
5110612813
356312561
1020127499
357461568
7426598
2460448545
4313976037
1000000160
6750635028
2737229647
4265798483
1928992547
4629612452
3605193608
2801336856
246114489
4277061931
4202383392
3033302815
4696537875
539319390
1664910572
3911962560
4451953588
2000002006
5684783451
2000000840
4113552552
1630448611
4941748124
11875184
616183601
2000000678
3380372030
564220808
964024850
1187280655
4000002492
5244721776
3012253017
1626102231
5601877418
4511025181
1477188800
5994811614
2726620721
1958102294
5892530328
221434635
52578917
2979703478
322046778
2380157297
450733163
4221330580
1354167967
4620080199
6250141348
5060750658
96945459
1104637370
3142225601
5146932791
135203153
26116473
10457494684
3300522827
7638384548
762015852
5173214576
1507161919
2797300611
2882068992
3603505222
3392537934
4999998448
4890509428
8328774
5124330883
2778145709
4353594112
7574096277
3737762967
445593278
63285328
1009834879
3346661724
4670931355
4236645700
4000001516
3803895884
1404721950
1999999001
719856412
2079468086
828507888
4392017309
3000001874
5768318710
1010177838
6460267854
2103069080
4395147380
1390194086
3177585089
90512435
3218432477
999999772
6165740661
9170488350
4990604995
5602892734
2603469077
2792445376
4999999984
2573410233
517707396
1000000150
4917228291
6599530020
1835034911
7260238470
5744147686
404988389
3555445232
3815816199
4387416211
3000000432
5841431024
4155589200
2526788126
2862531924
999998852
1398353019
2832924210
6368749479
449859820
3120466957
227780820
1694045417
2999999431
329553875
1274119787
3797552334
1050983691
5599918408
1000000465
1675214430
4498539210
76112069
3377389334
8113600
1750910040
4025908002
2898643788
2784778013
5474126188
1000003231
850308
3000000174
1512011097
3233536403
3278033132
2376472224
1832706798
3999999751
673742953
3129256545
170136166
3202125041
3661165
3769549307
3000004751
573595770
4734000480
3082747636
5588322447
1999998849
4000000630
412918749
2288804224
2127514560
4917322231
1950093711
4000005371
5518348352
1063869744
902436409
5052056867
4098766885
177419097
1357323050
5447192779
2837673610
5000000315
1591454548
2999999231
3778323336
4128059402
4534470207
1000000856
999999099
2266569260
1737888443
2003113065
2000000966
3931431188
5880521947
3016862062
2471693151
1490582520
2058947593
2278483218
2287922430
148975962
288766332
418464008
1674078289
2000003668
4157800783
4000004201
4888184679
824833605
5251696381
5050467896
1713323568
9155851860
4487808590
999999039
6994753
4178758431
344218753
5636490173
3000002698
375528246
1788000685
11965537080
5678078235
2793249429
999999844
3379634244
710080863
5476169635
1891852868
6097785280
4876634495
679734016
999999598
273393617
471840348
2617173305
2906360256
78002414
668659527
6572253654
5530760046
4000004413
2218988830
5597801420
3801949094
3306992624
2841257974
4926003079
849618009
5252418679
221419759
2855599847
2872602392
1000001753
2137927359
1551473018
1022286991
5389437186
1000000417
365724530
4169684562
2716131512
3813109839
1454663119
1822970494
4332216388
821186963
2543610031
1513761611
4999999079
2007244530
4999998349
3882763954
2287052731
3268758030
5553104401
1068447756
410065570
626274338
2510021265
2270859389
9635235540
1377792997
6120300510
5644769334
1257965460
5374121004
3638241120
3674287207
2962252527
2000004099
6620631581
4000000182
1353697709
3973316129
3525934369
703187048
2000002547
617662759
6566576
797259985
2130461043
154276547
4400248971
5628029395
1000001374
3850195634
2999999227
4550129231
7304871938
2636329155
526069142
4000002735
3292951683
4270330726
439658156
1647642173
628728396
2193272528
4458084554
6384345068
1335292776
5793977533
2493039707
3218204415
492115654
1666291709
4975755911
121771609
3060098996
777377699
4140015571
4492538548
3822497496
115732655
5696182385
999999992
2766780858
2740062364
2000000550
86944363
8640378
5778614948
4319065547
315353416
3681082551
4227310757
219161740
4591705766
1371454523
4383338986
4594407364
6758344251
153379539
876195071
3379557
154678219
2000000597
260485691
4652687991
5184673553
2236544274
4018713305
798401952
2500996610
3157087732
1000002916
4667569651
1090175369
4330338449
681696366
2505520145
4636045458
4007816813
3406896348
192145698
3277324464
5803334232
2122548754
2000000470
3924813962
695182984
1486962486
2441671556
1713544399
5399042749
5000003830
3221034104
1981160225
6181946703
815557000
354860432
540267582
2504929304
1905561750
1639562136
1540177311
1616885304
1335725875
1453960225
4000000076
4431433560
3000001901
2821576635
4081563248
1362134623
3830488203
532254777
135017469
2667938699
230524301
3600014078
4603779499
4856521995
1201505454
1068051374
63392817
1890613567
186868882
4879133212
1149060466
1302392852
547178908
5911775348
326862389
50044153
9546679050
938217948
5605206227
4895321265
4968422011
3000003631
212095833
1881490348
287929128
2144030972
10459721
2498473979
277439104
4768202997
4469051751
4585378440
133297090
2691680153
88319359
583404672
3000001091
4761586510
5185907648
999999873
2160534781
4977889725
1133399597
2059369613
4193114444
637484048
2012221773
3999998763
3181386608
4000000440
2987329806
5188634007
1830504
1529001241
1999998364
6138409057
3000002930
1487407801
2049516628
254084342
4000002083
1275456162
868251562
3050102159
3999999872
4567381195
3158405278
1826957278
2894544609
5144967415
1977262004
5669801559
1751585813
5484054317
3826045035
2023800940
6732463197
2000000383
999999851
4752371416
2378750033
23294574
3000001681
4527200891
1000001159
1592971645
3673924010
3502124516
3239446981
5433232249
2891271195
6300763930
4599578035
3182518447
927654602
572961742
6481032427
846673818
842581181
3524844011
4208680535
64713580
3945228299
2466099948
2652652692
5163317830
2669123301
6230893358
3000001446
10098160202
4159539911
736718204
482659722
72130317
999999549
5949241567
28542962
3952819780
2559300035
3000001205
4817250017
5348180818
180808996
5174712800
3000000740
2116775392
2134620370
3000000758
5857650176
3000000003
115700793
428306976
1908174952
1118335760
5434542466
1649083435
3977704863
1999998895
2144835485
3000002726
2309387926
5552600746
987730480
4733258791
5866125987
7617509648
320525622
1999999729
3554246333
5613512371
1000001831
7328852364
900277855
4450616618
911434708
2852546847
4079185356
3555745175
5486098176
2004232163
1653347986
1288501352
3000002589
6173570715
3798825092
2326410127
3225662782
1041780188
5644601783
4330822305
1225149172
3636953757
1036408500
5451543982
5105221537
183073833
3235835428
4635874221
1180288328
1541986511
115443064
4525209507
5000001197
6312667909
3924638592
3846690239
3999999373
2000003586
6270100968
1054952082
714430455
2816569552
3583084448
111430465
1115935095
960508194
2856636666
283587640
11678703975
1700938501
305870848
3000001949
532170118
374198713
1000001092
2564901510
2651442542
4681193948
1000000734
397268323
4242053646
4159069293
7248631022
633738531
2207510857
453176528
1840129914
5000001058
5595722119
6508658719
183230219
651850927
4000001449
846417565
6561457233
2119506461
393190036
2420927326
6101598479
4850892587
1640243408
1226062440
3047967031
3554695536
324355290
323299375
2233567592
3083405203
1000002573
3310019752
2517409055
1391337845
1602618539
1999999541
1814481876
6444778180
23805199
4319734414
1514109378
5000000346
1778600958
4408952851
420164185
7728910547
2618910848
2893723377
2992877641
734155660
4000001569
4065683597
4000002675
3589821114
1845159219
3228188406
860575239
3000002868
4949441179
3757223233
3056530319
1473734998
1329343379
5539175109
1654156969
6242142242
4968879151
534438106
4999999283
129972452
927054489
3277659998
1000000973
1209228165
3378309610
1737547020
6378657015
43998713
2206063161
80922210
91214319
3386529127
1305351043
440562245
1966432082
5082441905
341776591
5000003451
1958974096
2233774306
772113660
523778715
4103534604
804445070
297144036
2710249930
431649810
589662072
81903224
3803436549
2513127175
4460088215
2976634090
2999999122
5328527373
2359052569
5000001697
2585322495
2445618727
2170278646
3799750882
1068125239
5402308212
2714108083
643792734
2255922456
2293562727
5896524902
3402323418
2992745435
4291413946
1607660052
4000000891
52633392
353135096
3077097051
315590052
334961157
5000002177
283548700
2553810015
2000001374
972259669
3595282935
2177658831
354638839
1280617963
1012632171
6054059982
2001653815
353663329
1000003203
2331345692
1915220469
5578749631
4418659330
634867522
252371788
766644149
1095788648
3491241833
2169967406
3999999847
2507930589
2153760700
4806374377
763388181
4073754262
1614832653
2883478129
5967215796
3113282095
5817065969
1081987122
1732344692
3410195117
2025911224
3301367138
3175924429
368448264
1770542530
1512552210
1801317238
8504017335
4000002651
3999999985
4848601107
654686498
1493363014
1387653927
282508767
5245398199
3829329729
129334584
5365898434
1297542151
4272795740
2563969208
4399796582
3231830000
5425907997
4829084833
948938597
46872015
5185387185
109998726
7792328132
2032001381
2598329862
157731351
5565109631
564233623
303969064
2999998443
1989634361
4467857146
1000000404
735865518
1216919760
3244768290
1000001750
932069965
3973097490
7911938891
2705945128
3743700678
3832852665
5010121437
2341092073
1403193880
4277512699
30653050
338596296
1000000844
3681909545
853003701
1999999453
4700797275
900301760
4999998578
3197582426
1094174145
5078098846
6140241540
2000002117
4850531212
3082020273
300711493
3718778262
4000001790
96317291
1000000522
760471485
7667341470
147074292
3337823373
5223552014
1913046401
4430195078
728870667
5971626337
3999998617
4474058519
360013768
4049298648
3999998347
3000002882
3979543879
3428025895
863653196
1999999031
5028443123
5371707807
1257674034
3915047297
5209138395
2446868561
2000002899
3000000855
3634883430
5180485752
2624054177
2182600466
1613151478
34002956
2245655630
3289611590
2074135956
2969373592
1254928370
1008853144
4615867194
1820600066
2024405049
1407629971
7066706322
752435008
1292878030
6554082758
3908552262
4891950810
471627049
1999998975
4417083590
3798297484
1360708956
228657061
5540792149
3384364601
1730158434
1645967262
2690177235
465818022
2333580783
7842040839
698735539
3616885358
301866322
257720105
3351261742
5000005884
3462933812
1862370559
4729141886
3875215982
4000003473
2139182075
2696712002
2256108561
2029399721
73342970
2213473560
1088348260
2318338541
3177737110
65042739
5204711326
1206380762
447813259
2684165144
566683070
3982542198
8254663785
2465765087
1999998782
1727304578
4217228751
1124716459
3545745885
6187738783
7366942758
102918061
4565518369
301286511
630310606
4031108575
21802200
3000001607
3919676265
1999997867
963634486
2088973772
5185576417
6677409562
894224583
1078289274
4931145611
3035796185
1190373390
6624253237
4200029795
1774955556
1366939849
754603151
2209756692
2999998735
3715258794
2009364604
2391290625
550410123
3138064183
105224228
3999999253
214345095
1823625107
792384393
1401975262
2226668758
1967321178
911119194
1315316342
548403548
1407534864
1153729985
4726791759
5064103273
5000005498
5231473603
2572049386
1154245808
317987940
92630688
7999269703
1865282656
2123364984
1887670359
1686655229
9311175240
3825963639
67166778
368747036
1131173313
87075183
401501291
4472786894
1600999480
967112205
652276296
104788227
5685294969
7193196486
5375031888
1461409337
2914144562
428154427
4645026374
2000001797
4480033336
6035962575
13906477
970080707
3709932007
186443905
7945754908
1083576087
3922519103
6554961895
389459548
5445957654
2985281591
2917493368
999998210
555920532
5056200374
1289372352
2999999342
1000002578
3471094098
1999999259
951437538
1000000431
262202179
5000004351
616837413
1291143583
7268200570
2891069869
454242825
3404205894
2481466996
5000000774
635821204
3000001130
498871605
5422046729
2528164787
4400941383
424908209
3987068750
3432451275
4000001394
2421374162
5059338365
1160870447
3276187249
343964651
1494225386
5026780135
4125639486
4745102186
550762972
6702613071
6256996081
1971354153
4973447224
1887113189
3451427163
1000001908
4497896916
2793352190
1222071552
3342753839
2177516390
2274653496
6131334697
3849187168
722393076
2107476393
4000001527
3000001387
2138261952
1973732317
5627575499
816348487
6570741731
1193722468
19206653
2681650470
1841249689
4955668140
1000000068
860381228
4808224494
2518536579
674123358
3802480978
200963799
5153759566
970785791
3000003364
1427923811
575335896
4819527174
999999735
3259481710
6691993244
2421511580
5168373060
1866415993
6390623188
2702152373
3948449792
774178286
1533453298
5457605
1491353687
544839468
51605765
3587111612
2755904432
4000001372
2504111927
1879018509
1803369112
2637162373
3963493279
4877536034
506259444
2691386516
4999997530
1149923150
7104880566
3999999367
2000001707
63983612
5366769804
8861995380
6393318000
7739489404
628397829
1999998584
5218201907
1000000226
3081445346
4377105157
24996352
1606704641
3819883203
448074901
2627097048
519640904
1188880842
2315611834
1450805160
1133599874
2000000901
999998382
454873666
1463732547
574486785
1961416341
899517039
4327481902
4034367349
2295596952
2264067585
4870864362
21814692
2505146430
1403552544
32956602
5282246
1513435112
7059334107
373746135
1475800429
1999998148
6987270999
2803549770
914209791
5142961402
996521839
52849799
3450110789
5000003127
5184826428
2118334005
64742372
4655980252
2324221584
174461486
2555142810
543312687
34341774
1889220547
2397377321
89005698
5057395353
6462195930
5009230769
4755478374
3103266382
2173085490
4000000895
3951369012
1000001334
4000001734
1470211615
2475332637
3999998544
476634658
4311744332
224195193
1087320544
7990166687
328908715
2264375366
4531828494
26682883
4993453533
3331530435
1624749252
2250350064
847021402
1944059424
1541454222
2176485816
4591760841
1688188784
1462307450
4170200653
4999999792
2917919749
5079615652
24022839
1110962189
4640921810
2732154598
1427264975
2843059520
2009332124
1511850081
2346280567
4185390354
3367531578
3816581382
5046418762
205596447
1751604105
2642124974
4652315399
4000000294
14222342
6629262002
3866943663
1122467398
3146688092
526212816
1024511275
6037726552
3606590769
1552255677
1000001345
4698576539
6499697805
1067753645
128539220
1100419913
6570814406
1996232934
4000004981
2409760658
5349419
1146639651
2000000775
193030770
515126255
5000001878
1999997349
8471162
962646446
2435671010
3012508957
6919237104
130052246
329902068
2105347625
424972004
2797036104
1616879627
569350506
842248740
6496393460
1000002633
4073799257
4883456317
1976305560
7079751275
3709414603
3526054823
5323566790
7552269360
1359402797
6360121118
5403751357
2633036693
1064513451
4110124959
2318304480
497933774
4000689622
1502872950
446408768
4256295597
435926397
2100614915
171955590
3195723842
4914158294
6107883668
155691566
3000001490
2458751712
694979668
1794201397
1078435108
3149442520
1000002389
4000003890
7247458380
1158375888
543891579
4684615752
900566074
525617180
3037812106
2098967099
5728479569
3000002491
3661664161
3864163812
677685589
2806337258
2924874714
1698168460
3266704154
5167486061
3306053826
1000000889
2239127839
4607998472
2173276406
1966610021
5646623246
3000003381
4414643299
4001420120
4722682692
3337561093
864370102
3530464675
1776512298
5456202079
1949370741
3930809162
4820355806
1999999884
2806428
1944055554
2277574274
4814757587
136058236
544884941
655641802
1791741912
5080999089
6321563416
3998489796
2467735066
2928920606
5111587562
2199059358
4957215848
1617874980
285943845
5451052929
1451133662
3954995252
3900788278
5247277760
1269412968
1609418984
3648599487
2452571165
1848967840
3883158276
4505434476
1719604789
434655222
1298094214
1920212403
2001930140
4000001123
94292715
2771976235
533580298
1261406349
454218806
2478014724
546938544
1052488659
5756582
159282315
3399216152
555399331
999998571
3398708144
1676726555
1689684769
3000004753
4065865806
3000002137
4382597587
4733381458
2325471897
3898873050
215793585
1107517831
1763981408
2000002562
5055412424
2500904478
3393853
6189091690
2000002287
4000002150
3079009751
1794350484
10228287525
3558330888
6067249639
4125567310
1719651729
100582666
1390924512
3807491109
751025461
291331071
1000000377
2123213729
49084992
1969472688
2147578706
909795547
1291521707
5421327320
173809550
3999996802
255152454
2255058299
5000001357
2829963234
2000004253
4706770163
2991519589
3491990628
4439061774
2446876438
2000000216
342668105
1018907520
5357179768
6088614963
3636096650
12497593
6407642498
898142401
3243269741
2235368773
535343163
3318315907
1996432741
231512681
1279893991
2482710683
54755340
1282897124
4000001262
2014257584
1823489948
3024593177
993166248
527088107
2071673968
5483908677
2101132448
1132706631
5214282809
1262757553
4132185852
1999999446
606722271
1097170947
3083480303
119144153
2555145798
2319335374
6245880100
110463378
2473204988
5210308327
3573699168
93567753
1000002848
5254789185
1910304192
4181126911
1426289345
3895879396
618563532
2909652885
4000003552
3592275811
1186570932
152923186
5535058665
6373236627
1621155414
2807913350
999998925
1763025809
4447910073
3000004381
5372463794
1016113418
3651149465
5000004365
559587555
3063259946
2551820623
2830861348
2575752944
4765259772
6316514610
5414562145
4888566134
1653911940
1866823512
3123018735
4020127234
407380893
5142768792
1933381120
1235243618
5075362861
2806563850
6167521386
4962890480
1013452758
4896157996
3513577007
5000001180
3999999732
1999999778
3967135237
1677277286
1413109754
5650886358
1000001776
3293253197
4198922770
3284915949
1815725242
4391511765
5164871673
811493438
1248036655
3070359313
836016
2114297448
4000003004
2973816864
3788476074
2442809915
1246913672
3548760558
4000002246
2278834148
6020904246
2471456364
428753242
1762746528
5486553263
3971556149
1999998944
4771834719
511786323
2233988679
4680544941
4000001586
5000001155
169953019
5571848456
1188727813
591423656
4881324792
4484036157
1628561567
3999998467
3306500289
858405973
511880717
5531185735
1532288974
3728776348
1527340290
4871978332
829901588
4823844398
1000001888
2034153708
170997522
1773766454
3255009979
349266334
279307080
5360801441
5323455403
907747968
3515631033
3096808645
3960938203
3006717375
3138858154
3557315126
1722262609
4394202572
349074830
698071283
15312927
285571882
379993939
2000003254
131507386
1978514866
3359855708
3000001324
1605767199
233975558
26874727
3997554045
5103882968
435279842
1398537146
2880449435
297098965
2000005458
1513050947
600262086
274777724
33349362
3322212058
4662181389
1892363546
3636807053
4000003876
1248422773
1932311372
975575864
2779887966
619476496
3246831430
4067448553
4210699329
4000002255
1351340232
6701327040
3823937674
2766308297
3424554540
6011721951
400881923
2215391935
3179089020
2981590942
3089053881
2282851338
3999999189
5217362131
3550048193
3073908882
5907354760
199087990
1907897868
1249920243
1466953194
3212606523
1753575425
1000000580
2965633
2902185152
242587333
2000000849
2599795692
2292181345
3724611457
3000001474
785052393
2166161273
5114990425
4110390564
4166695501
4999999406
1203386970
1480667362
5198947725
3555249915
4779740434
2031851204
4851413674
407073120
5000005881
4000000840
1000000973
999999430
4915721724
4101982045
1389533382
744322313
2744488674
2789770064
4952682321
1746475541
6196867108
3278767679
1917077135
402053323
867660904
3332143719
4659418812
1688328085
1999998901
4624759100
2121622465
2691668701
127503144
217315655
5290009310
349985625
2337902562
1101968052
4000006309
10378909995
992002365
4081364498
203804914
3559546619
5636197827
5136790592
2087270231
6281954351
4962132954
957088575
2833488225
7142552150
4000002439
2369404586
2261447590
2609874296
2373693807
2000002328
276248240
2157003882
568815244
1507990142
1910380250
1276534554
170638529
3533116836
573048592
3836639889
597635228
1067199270
253851172
5189552453
4529271704
2437688829
3000003445
3875009721
39869815
2710146307
3996044055
202384240
4258511508
1714739634
8619973
2505006339
4829455570
3876990054
4172609601
1361318006
132782881
2617953769
4211572099
3066702594
2995828154
148291571
617838711
2462638852
1353288289
7826372745
4826425450
1375313816
2368210422
6352137213
379444396
5133355438
2324932488
4528273191
2436268265
4831848703
1274092718
1270529234
340200568
1470012869
3573343654
2381419842
2000002337
1871958617
732597248
3372083891
1229151427
4986260113
305899655
3083727752
3024685217
6146426794
4388945176
1196879127
1726877010
4456192079
141502310
5958957655
2000000861
2452350950
1970221037
63773537
5042443330
2675680234
5000003412
5479248590
1877636243
3564546756
1000002603
3000002748
4625514908
5730979566
3306343502
981523959
1714154471
1586779587
4591976474
209419217
216001187
2544061056
1985371932
3081376
4082090516
4999998646
4339679166
3854012999
2954468681
1994315936
8201297858
5230276265
5047635346
3175636465
3000003133
4436368268
5195609819
1000002358
2674902948
4524531417
5979072419
3310222032
2304643551
319335207
2999998150
1372167910
2904844836
517331702
340948958
4877243215
3494105482
1985473658
2472244138
658836436
41519334
1229339399
1268424088
4000002219
1723350154
1425630878
6821836456
2681995616
240997449
6120999240
284893906
537766029
758429435
3530490248
7043178350
2817352908
4234406969
556124409
1053069959
6706114780
1213830252
1539548661
3340636794
4600997226
701811531
4514506621
4843168068
1539061359
5360847051
730811478
3842744251
3777038401
3606770466
137152179
1000000844
2502247778
5487134798
6486846000
432324503
751043967
385714776
2625347384
174382606
6193871032
830043825
4499095662
3232244898
54382132
2999999547
2907540260
6459434264
2405233916
3480191218
3000001360
205828395
1625974596
1655158839
2943218036
3151708626
270327250
2926490650
382008274
2602564084
2251253255
2999999725
1488401691
3437907796
1941597329
4000001771
12528168810
722242390
6533707369
3118157861
401436307
4220906694
5253638540
428246371
4090518813
145468376
5803180548
3000003251
3000003964
1198718877
2318767855
246372426
2958135023
783637614
6060239343
1506294
103618617
812718923
3000001044
1999997837
5054306019
11390234
1422334083
3345772833
4645037711
477548801
170794893
4999998692
263519301
3816282
2543411036
3947626757
6118673289
1375840057
3000002976
3605915276
2999998457
2578101417
5828396951
1707167265
930745257
298160552
2600160399
2000003076
798698146
457708375
3000002545
5469650144
2063506226
3032285892
678136699
2710401673
6036545970
878112559
328456593
3427547174
5563307562
467785170
2462003060
1539844600
1489642152
2356811262
3348856409
1466311567
3991102705
3941370944
4276605238
1825468664
209296819
3000002830
3285937417
5666030253
5934493983
1334564933
2216237674
103586634
1560735927
6424190606
749574046
3121793629
1529757846
36871975
1724283770
5506373824
3940871868
1436031894
1000002039
1282518844
3380982019
6594221340
4078236068
1305881166
4000002896
4815133460
2683695026
914924397
176084361
4425344633
3040201278
4952822539
3000002937
3134703298
1146201840
4798130839
2508431234
1455567037
4666968577
2613275576
4646361219
2999998780
3466613512
3101634769
26212337
4233377413
211792047
1022144195
2102937621
4000000736
5290504497
373734001
1776927313
3029501510
1577573263
2118845117
1247225022
2989133785
777262137
1180421382
1066760948
2159537892
2999999082
7387301668
2000003092
1444290081
2000002499
2326532844
524773627
760836596
952401376
3088262071
4877160114
688818872
2865501249
417160233
2000002451
854647082
1247064944
4167170112
999999844
5000002689
1588094115
6089526791
13969956315
2703913551
1846128822
18573788
2138578682
4757491595
5601289481
1135693161
2278513353
1747021773
5323209631
45385612
1073331732
3999997786
6281401855
1303221167
1278211575
4999998624
5181461533
2258150340
1865955134
2000002119
3377063253
1619466846
809515757
942505038
2999998952
3667977459
1000001384
3000002111
2912609712
2235963000
1046251146
117239408
3007678065
6041924957
908328521
43600156
4000000304
2592834180
24489655
89601003
4727677781
1200936404
488468456
354593801
1645994480
1573516425
3000000439
6141087507
2205063901
999998824
108224491
5000000888
6162618449
4098566739
5000001633
275752972
2999998328
2000001651
222427309
1121337284
4999998138
381582656
1999997697
5735175267
5000005043
560255616
2000001170
999999704
5498942509
559582498
326749709
249950079
824296671
1427461833
1363620066
94349568
2808661815
388656941
5540174709
2151524290
526912456
2831404246
2856301027
5820662454
2889532037
2590905396
2327865864
7152597900
166807651
1648440308
1250107296
3786201540
4962260921
4000000777
1384923574
2463511814
5987619999
5419386060
315972972
4264176061
2000001662
1082267970
2704966249
27189766
4646796220
1544722415
5953540644
4665109329
2642160576
3999998000
1267808007
4573556964
308816349
1000000498
2005661980
4925345301
867898238
3581031861
4899472138
5339410518
2999997025
143536992
3167927039
1722669470
2267128431
236626281
1178423632
2999998605
4424026160
1810640093
2729668533
244362000
4705892973
2796025913
930738986
2071493960
1850709355
2001372423
3574149123
794419023
1631349749
369661783
1512339184
1323101819
5181045586
4240928839
2410924953
4660996078
4741022939
1496809688
243457389
326411720
3000003850
19195437
39122675
1748854925
4223791886
791537585
370391915
172027831
1238297291
6232657753
5722669283
2000002245
2000000227
2886481004
316866283
352475211
1720545515
130264522
423082714
2001884298
1150353253
2296338290
2000000634
4236036696
1030626451
2094237539
11716465185
786315826
3141652700
4967693557
999999669
5000000573
1000000916
2000001044
114047588
5288573448
4000001888
4121536473
4554905384
129914750
1000001420
290128856
736502561
1387752831
3556141932
3380340133
1051542941
1058815342
5160748867
2999999637
3864402585
5000005510
1434938626
3999999091
4000000942
2144034566
3833862865
1706331842
4481032143
253847829
2923314536
1561190394
739924493
3663463325
3455669472
2999999995
6877560420
1091907264
3000003198
7938019512
2517507964
714046477
778043292
1579464160
2999998072
5396649356
871225796
9864184434
1915266636
2113708097
3682257774
1470557669
4000006213
2144923292
1193323172
4000001492
2372782689
3515380474
3551047693
2765718187
5026445148
4738625437
1046610439
5707096080
2176264407
536885591
1000001567
2477088170
1129448038
2996758119
2256831250
120693535
11389494
5651868272
6451303372
4923278941
264077402
1206851879
1207087437
3335768348
3000002338
2000000629
1800741190
4325554314
1875492160
3170350509
4958685144
1326095721
3987561697
1980569624
4823599083
11089616
5774480297
4217953699
6845851244
2442539502
2880456081
4918702703
2705492908
999999874
1644188279
3534068058
2675448140
219585130
1103973242
3901700358
2000000352
2000001342
6377128503
3000001382
326039148
684953974
122841233
3135432052
744415681
418006810
333854527
6545927574
3006360254
872401141
5000001893
1005267815
4531880143
1897013120
1537984602
507083579
